Service Area,County,Population,Potable Use,Secondary Use
1,Utah,NA,NA,NA
2,Summit,127419,160,90
3,Summit,127419,160,90
4,Morgan,48957,111,130
5,Morgan,48957,111,130
6,Morgan,48957,111,130
7,Summit,127419,160,90
8,Morgan,48957,111,130
9,Morgan,48957,111,130
10,Davis,633500,107,129
11,Davis,633500,107,129
12,Weber,723000,112,145
13,Weber,723000,112,145
14,Weber,723000,112,145
15,Weber,723000,112,145
16,Weber,723000,112,145
17,Weber,723000,112,145
18,Box Elder,10016,160,77
19,Weber,723000,112,145
20,Additional,0,0,0
