"","MI_SA_2015","MI_SA_PCDec_2015","MI_SA_PCDD_2015","MI_SA_HighET_2015","MI_SA_PCDec_HighET_2015","MI_SA_PCDD_HighET_2015","MI_SA_ET_Low_2015","MI_SA_PCDec_ET_Low_2015","MI_SA_PCDD_ET_Low_2015","MI_SA_2070_63% Conversion Factor","MI_SA_PCDec_2070_63% Conversion Factor","MI_SA_PCDD_2070_63% Conversion Factor","MI_SA_HighET_2070_63% Conversion Factor","MI_SA_PCDec_HighET_2070_63% Conversion Factor","MI_SA_PCDD_HighET_2070_63% Conversion Factor","MI_SA_ET_Low_2070_63% Conversion Factor","MI_SA_PCDec_ET_Low_2070_63% Conversion Factor","MI_SA_PCDD_ET_Low_2070_63% Conversion Factor","MI_SA_2070_71% Conversion Factor","MI_SA_PCDec_2070_71% Conversion Factor","MI_SA_PCDD_2070_71% Conversion Factor","MI_SA_HighET_2070_71% Conversion Factor","MI_SA_PCDec_HighET_2070_71% Conversion Factor","MI_SA_PCDD_HighET_2070_71% Conversion Factor","MI_SA_ET_Low_2070_71% Conversion Factor","MI_SA_PCDec_ET_Low_2070_71% Conversion Factor","MI_SA_PCDD_ET_Low_2070_71% Conversion Factor","MI_SA_2070_63% Conversion Factor.1","MI_SA_PCDec_2070_63% Conversion Factor.1","MI_SA_PCDD_2070_63% Conversion Factor.1","MI_SA_HighET_2070_63% Conversion Factor.1","MI_SA_PCDec_HighET_2070_63% Conversion Factor.1","MI_SA_PCDD_HighET_2070_63% Conversion Factor.1","MI_SA_ET_Low_2070_63% Conversion Factor.1","MI_SA_PCDec_ET_Low_2070_63% Conversion Factor.1","MI_SA_PCDD_ET_Low_2070_63% Conversion Factor.1","MI_SA_2070_71% Conversion Factor.1","MI_SA_PCDec_2070_71% Conversion Factor.1","MI_SA_PCDD_2070_71% Conversion Factor.1","MI_SA_HighET_2070_71% Conversion Factor.1","MI_SA_PCDec_HighET_2070_71% Conversion Factor.1","MI_SA_PCDD_HighET_2070_71% Conversion Factor.1","MI_SA_ET_Low_2070_71% Conversion Factor.1","MI_SA_PCDec_ET_Low_2070_71% Conversion Factor.1","MI_SA_PCDD_ET_Low_2070_71% Conversion Factor.1","MI_SA_2150_63% Conversion Factor","MI_SA_PCDec_2150_63% Conversion Factor","MI_SA_PCDD_2150_63% Conversion Factor","MI_SA_HighET_2150_63% Conversion Factor","MI_SA_PCDec_HighET_2150_63% Conversion Factor","MI_SA_PCDD_HighET_2150_63% Conversion Factor","MI_SA_ET_Low_2150_63% Conversion Factor","MI_SA_PCDec_ET_Low_2150_63% Conversion Factor","MI_SA_PCDD_ET_Low_2150_63% Conversion Factor","MI_SA_2150_71% Conversion Factor","MI_SA_PCDec_2150_71% Conversion Factor","MI_SA_PCDD_2150_71% Conversion Factor","MI_SA_HighET_2150_71% Conversion Factor","MI_SA_PCDec_HighET_2150_71% Conversion Factor","MI_SA_PCDD_HighET_2150_71% Conversion Factor","MI_SA_ET_Low_2150_71% Conversion Factor","MI_SA_PCDec_ET_Low_2150_71% Conversion Factor","MI_SA_PCDD_ET_Low_2150_71% Conversion Factor"
"1",35500,35500,35500,35500,35500,35500,35500,35500,35500,35500,35500,35500,35500,35500,35500,35500,35500,35500,35500,35500,35500,35500,35500,35500,35500,35500,35500,35500,35500,35500,35500,35500,35500,35500,35500,35500,35500,35500,35500,35500,35500,35500,35500,35500,35500,35500,35500,35500,35500,35500,35500,35500,35500,35500,35500,35500,35500,35500,35500,35500,35500,35500,35500
"2",31300,29710.8156176215,28732.4209622781,31681.743579397,29962.7663800235,28946.1973667404,31452.6974317588,29811.5959225823,28817.931524063,30933.3229430338,28389.6673755059,27025.0452899223,31670.2188692489,28876.0186868079,27437.7070086028,31228.0813135198,28584.2079000267,27190.1099773945,31709.4734292721,29165.8178617442,27801.1957761605,32446.3693554872,29652.1691730462,28213.8574948411,32004.2317997581,29360.358386265,27966.2604636327,30933.3229430338,28389.6673755059,27025.0452899223,31670.2188692489,28876.0186868079,27437.7070086028,31228.0813135198,28584.2079000267,27190.1099773945,31709.4734292721,29165.8178617442,27801.1957761605,32446.3693554872,29652.1691730462,28213.8574948411,32004.2317997581,29360.358386265,27966.2604636327,23712.7992806617,19438.0690147842,17144.7587863091,24951.1868040383,20255.4047802127,17838.2557994,24208.1542900124,19765.0033209556,17422.1575915455,26558.4023989078,22283.6721330303,19990.3619045552,27796.7899222844,23101.0078984588,20683.8589176461,27053.7574082585,22610.6064392017,20267.7607097916
"3",10800,10251.6552290834,9914.0621850672,10931.7198293127,10338.5903164298,9987.82528948231,10852.6879317251,10286.429264022,9943.56742683324,10673.4788429638,9795.79577174007,9324.93575498917,10927.7432520092,9963.61028171009,9467.32382405464,10775.1846065819,9862.92157572808,9381.89098261536,10941.2879564261,10063.6048852025,9592.74486845157,11195.5523654716,10231.4193951725,9735.13293751704,11042.9937200443,10130.7306891905,9649.70009607776,10673.4788429638,9795.79577174007,9324.93575498917,10927.7432520092,9963.61028171009,9467.32382405464,10775.1846065819,9862.92157572808,9381.89098261536,10941.2879564261,10063.6048852025,9592.74486845157,11195.5523654716,10231.4193951725,9735.13293751704,11042.9937200443,10130.7306891905,9649.70009607776,8182.05214795993,6707.06534695426,5915.76341508427,8609.35519116973,6989.08535547273,6155.05311928175,8352.97336524385,6819.87335036165,6011.47929676326,9163.9215945113,7688.93479350563,6897.63286163564,9591.2246377211,7970.9548020241,7136.92256583312,9334.84281179522,7801.74279691302,6993.34874331463
"4",9000,8874.70500804984,8820.10086146758,9044.18177835494,8903.8649817641,8844.84265734634,9017.67271134198,8886.36899753554,8829.99757981908,9417.23525130588,9108.1139606967,8973.39744887607,9526.23823804872,9180.05593194698,9034.43912145206,9460.83644600301,9136.89074919681,8997.81411790646,9578.22653873148,9269.1052481223,9134.38873630167,9687.22952547432,9341.04721937258,9195.43040887766,9621.82773342861,9297.88203662241,9158.80540533206,9417.23525130588,9108.1139606967,8973.39744887607,9526.23823804872,9180.05593194698,9034.43912145206,9460.83644600301,9136.89074919681,8997.81411790646,9578.22653873148,9269.1052481223,9134.38873630167,9687.22952547432,9341.04721937258,9195.43040887766,9621.82773342861,9297.88203662241,9158.80540533206,9056.83388392585,8503.21773582981,8261.94921559266,9252.05115133766,8632.0611323216,8371.27088534327,9134.92079089057,8554.75509442653,8305.6778834929,9460.79344953716,8907.17730144112,8665.90878120397,9656.01071694897,9036.02069793291,8775.23045095458,9538.88035650188,8958.71466003784,8709.63744910421
"5",6300,6212.29350563489,6174.0706030273,6330.92724484846,6232.70548723487,6191.38986014244,6312.37089793938,6220.45829827488,6180.99830587336,6592.06467591412,6375.67977248769,6281.37821421325,6668.3667666341,6426.03915236288,6324.10738501644,6622.58551220211,6395.82352443777,6298.46988253453,6704.75857711204,6488.37367368561,6394.07211541117,6781.06066783202,6538.7330535608,6436.80128621436,6735.27941340003,6508.51742563569,6411.16378373245,6592.06467591412,6375.67977248769,6281.37821421325,6668.3667666341,6426.03915236288,6324.10738501644,6622.58551220211,6395.82352443777,6298.46988253453,6704.75857711204,6488.37367368561,6394.07211541117,6781.06066783202,6538.7330535608,6436.80128621436,6735.27941340003,6508.51742563569,6411.16378373245,6339.7837187481,5952.25241508087,5783.36445091487,6476.43580593637,6042.44279262513,5859.88961974029,6394.44455362341,5988.32856609858,5813.97451844504,6622.55541467601,6235.02411100878,6066.13614684278,6759.20750186428,6325.21448855304,6142.6613156682,6677.21624955132,6271.10026202649,6096.74621437295
"6",21700,21397.8998527424,21266.2431882052,21806.5271767002,21468.2077893645,21325.8984071573,21742.6108706801,21426.0230273912,21290.105275786,22706.0005503708,21960.6747719021,21635.8582934012,22968.8188628508,22134.1348581388,21783.03654839,22811.1278753628,22030.0588063968,21694.7295953967,23094.1684322748,22348.842653806,22024.0261753051,23356.9867447547,22522.3027400428,22171.2044302939,23199.2957572668,22418.2266883007,22082.8974773007,22706.0005503708,21960.6747719021,21635.8582934012,22968.8188628508,22134.1348581388,21783.03654839,22811.1278753628,22030.0588063968,21694.7295953967,23094.1684322748,22348.842653806,22024.0261753051,23356.9867447547,22522.3027400428,22171.2044302939,23199.2957572668,22418.2266883007,22082.8974773007,21837.0328090212,20502.2027630563,19920.4775531512,22307.7233315586,20812.858507931,20184.0642457721,22025.3090180362,20626.4650610062,20025.9122301995,22811.0242061063,21476.1941601414,20894.4689502362,23281.7147286436,21786.849905016,21158.0556428571,22999.3004151212,21600.4564580912,20999.9036272846
"7",6600,6264.90041777322,6058.59355754107,6680.49545124665,6318.02741559601,6103.67101023919,6632.19818049866,6286.15121690233,6076.62453862032,6522.68151514451,5986.3196382856,5698.57185027116,6678.06532067231,6088.87294993394,5785.58678136672,6584.83503735563,6027.34096294493,5733.37782270938,6686.3426400382,6149.98076317929,5862.23297516485,6841.726445566,6252.53407482763,5949.24790626041,6748.49616224932,6191.00208783862,5897.03894760307,6522.68151514451,5986.3196382856,5698.57185027116,6678.06532067231,6088.87294993394,5785.58678136672,6584.83503735563,6027.34096294493,5733.37782270938,6686.3426400382,6149.98076317929,5862.23297516485,6841.726445566,6252.53407482763,5949.24790626041,6748.49616224932,6191.00208783862,5897.03894760307,5000.14297930884,4098.76215647204,3615.1887536626,5261.27261682593,4271.10771723332,3761.42135067217,5104.59483431568,4167.70038077655,3673.68179246643,5600.1743077569,4698.7934849201,4215.22008211066,5861.30394527399,4871.13904568138,4361.45267912023,5704.62616276374,4767.73170922461,4273.71312091449
"8",10800,10649.6460096598,10584.1210337611,10853.0181340259,10684.6379781169,10613.8111888156,10821.2072536104,10663.6427970426,10595.9970957829,11300.6823015671,10929.736752836,10768.0769386513,11431.4858856585,11016.0671183364,10841.3269457425,11353.0037352036,10964.2688990362,10797.3769414878,11493.8718464778,11122.9262977468,10961.266483562,11624.6754305692,11209.2566632471,11034.5164906532,11546.1932801143,11157.4584439469,10990.5664863985,11300.6823015671,10929.736752836,10768.0769386513,11431.4858856585,11016.0671183364,10841.3269457425,11353.0037352036,10964.2688990362,10797.3769414878,11493.8718464778,11122.9262977468,10961.266483562,11624.6754305692,11209.2566632471,11034.5164906532,11546.1932801143,11157.4584439469,10990.5664863985,10868.200660711,10203.8612829958,9914.33905871119,11102.4613816052,10358.4733587859,10045.5250624119,10961.9049490687,10265.7061133118,9966.81346019148,11352.9521394446,10688.6127617293,10399.0905374448,11587.2128603387,10843.2248375195,10530.2765411455,11446.6564278022,10750.4575920454,10451.564938925
"9",1500,1479.11750134164,1470.0168102446,1507.36362972582,1483.97749696068,1474.14044289106,1502.94545189033,1481.06149958926,1471.66626330318,1569.53920855098,1518.01899344945,1495.56624147934,1587.70637300812,1530.00932199116,1505.73985357534,1576.80607433384,1522.81512486614,1499.63568631774,1596.37108978858,1544.85087468705,1522.39812271695,1614.53825424572,1556.84120322876,1532.57173481294,1603.63795557144,1549.64700610374,1526.46756755534,1569.53920855098,1518.01899344945,1495.56624147934,1587.70637300812,1530.00932199116,1505.73985357534,1576.80607433384,1522.81512486614,1499.63568631774,1596.37108978858,1544.85087468705,1522.39812271695,1614.53825424572,1556.84120322876,1532.57173481294,1603.63795557144,1549.64700610374,1526.46756755534,1509.47231398764,1417.20295597164,1376.99153593211,1542.00852522294,1438.67685538693,1395.21181422388,1522.48679848176,1425.79251573776,1384.27964724882,1576.79890825619,1484.52955024019,1444.31813020066,1609.33511949149,1506.00344965548,1462.53840849243,1589.81339275031,1493.11911000631,1451.60624151737
"10",88600,76507.5771077602,71276.983627979,92888.6433827867,79338.0817403994,73678.6239223396,90315.4573531147,77639.7789608158,72237.6397457232,78039.5598395554,61507.3720413281,54356.3523925348,83902.7899329517,65377.1039029696,57639.7612448367,80384.8518769139,63055.2647859847,55669.7159334555,81898.787818097,65366.6000198697,58215.5803710764,87762.0179114933,69236.3318815112,61498.9892233783,84244.0798554555,66914.4927645263,59528.9439119971,78039.5598395554,61507.3720413281,54356.3523925348,83902.7899329517,65377.1039029696,57639.7612448367,80384.8518769139,63055.2647859847,55669.7159334555,81898.787818097,65366.6000198697,58215.5803710764,87762.0179114933,69236.3318815112,61498.9892233783,84244.0798554555,66914.4927645263,59528.9439119971,98589.1392276515,75796.6670401063,65937.7531173411,106672.613143139,81131.759824328,70464.4985100141,101822.528793846,77930.704153795,67748.4512744103,98589.1392276515,75796.6670401063,65937.7531173411,106672.613143139,81131.759824328,70464.4985100141,101822.528793846,77930.704153795,67748.4512744103
"11",61900,53451.6819748347,49797.3508642427,64896.2418216083,55429.2015770962,51475.2462843433,63098.4967286433,54242.6898157393,50468.5090322829,54521.9949669128,42971.8547331626,37975.8263329334,58618.3148628635,45675.42586449,40269.7654746657,56160.5229252931,44053.2831856935,38893.4019896263,57218.2276065486,45668.0873727984,40672.0589725692,61314.5475024993,48371.6585041258,42965.9981143015,58856.7555649289,46749.5158253293,41589.6346292621,54521.9949669128,42971.8547331626,37975.8263329334,58618.3148628635,45675.42586449,40269.7654746657,56160.5229252931,44053.2831856935,38893.4019896263,57218.2276065486,45668.0873727984,40672.0589725692,61314.5475024993,48371.6585041258,42965.9981143015,58856.7555649289,46749.5158253293,41589.6346292621,68878.868151147,52955.0077853564,46067.1209702417,74526.3516203194,56682.3468750102,49229.7117129783,71137.861538816,54445.9434212179,47332.1572673363,68878.868151147,52955.0077853564,46067.1209702417,74526.3516203194,56682.3468750102,49229.7117129783,71137.861538816,54445.9434212179,47332.1572673363
"12",26800,25145.7975677984,24443.1033114748,27394.6926099237,25538.2946903481,24776.1311730321,27037.8770439695,25302.7964168183,24576.3144560977,22292.4147437748,18549.5493127492,16959.6048238673,23637.9903326146,19437.6292013835,17713.1271536176,22830.6449793107,18904.7812682029,17261.0137557674,24075.4048824781,20332.5394514525,18742.5949625706,25420.9804713179,21220.6193400868,19496.1172923209,24613.635118014,20687.7714069062,19044.0038944707,22292.4147437748,18549.5493127492,16959.6048238673,23637.9903326146,19437.6292013835,17713.1271536176,22830.6449793107,18904.7812682029,17261.0137557674,24075.4048824781,20332.5394514525,18742.5949625706,25420.9804713179,21220.6193400868,19496.1172923209,24613.635118014,20687.7714069062,19044.0038944707,21072.9581202869,16112.2033876902,14004.9075756615,22856.369945642,17289.2551924245,15003.6181978603,21786.3228504289,16583.0241095839,14404.391824541,21072.9581202869,16112.2033876902,14004.9075756615,22856.369945642,17289.2551924245,15003.6181978603,21786.3228504289,16583.0241095839,14404.391824541
"13",30700,28805.0740795303,28000.1220769506,31381.2336986813,29254.6883206599,28381.6129482121,30972.4934794725,28984.9197759821,28152.7184254552,25536.4601729062,21248.9240261716,19427.6070183852,27077.8471347488,22266.2394209877,20290.783717017,26153.0149576432,21655.8501840981,19772.8776978379,27578.9152944805,23291.3791477459,21470.0621399595,29120.3022563231,24308.694542562,22333.2388385913,28195.4700792175,23698.3053056724,21815.3328194122,25536.4601729062,21248.9240261716,19427.6070183852,27077.8471347488,22266.2394209877,20290.783717017,26153.0149576432,21655.8501840981,19772.8776978379,27578.9152944805,23291.3791477459,21470.0621399595,29120.3022563231,24308.694542562,22333.2388385913,28195.4700792175,23698.3053056724,21815.3328194122,24139.5453094332,18456.8897015705,16042.9351706272,26182.4834825078,19805.2288957997,17186.980547549,24956.720578663,18996.2253792622,16500.5533213959,24139.5453094332,18456.8897015705,16042.9351706272,26182.4834825078,19805.2288957997,17186.980547549,24956.720578663,18996.2253792622,16500.5533213959
"14",23300,21861.8314675262,21250.9069834837,23817.0275302695,22203.0696375041,21540.4424004346,23506.8110121078,21998.3267355174,21366.721150264,19381.0919227594,16127.0335442931,14744.7310595562,20550.9393563403,16899.1328504565,15399.8456223615,19849.0308961918,16435.8732667585,15006.7768846783,20931.2288717067,17677.1704932404,16294.8680085036,22101.0763052876,18449.2697994038,16949.9825713088,21399.1678451391,17986.0102157058,16556.9138336257,19381.0919227594,16127.0335442931,14744.7310595562,20550.9393563403,16899.1328504565,15399.8456223615,19849.0308961918,16435.8732667585,15006.7768846783,20931.2288717067,17677.1704932404,16294.8680085036,22101.0763052876,18449.2697994038,16949.9825713088,21399.1678451391,17986.0102157058,16556.9138336257,18320.8926941301,14007.9977213874,12175.9084519744,19871.3962587111,15031.3300740109,13044.1904481398,18941.0941199625,14417.3306624368,12523.2212504405,18320.8926941301,14007.9977213874,12175.9084519744,19871.3962587111,15031.3300740109,13044.1904481398,18941.0941199625,14417.3306624368,12523.2212504405
"15",73400,68869.4605028509,66944.9172784421,75028.7476704627,69944.4339653562,67857.0159739012,74051.4990681851,69299.449887853,67309.7567566257,61054.5985892936,50803.6164013354,46449.0669429796,64739.8690452951,53235.8949022964,48512.8183983404,62528.7067716942,51776.5278017198,47274.5675251239,65937.8626258916,55686.8804379334,51332.3309795776,69623.1330818931,58119.1589388944,53396.0824349384,67411.9708082922,56659.7918383178,52157.8315617219,61054.5985892936,50803.6164013354,46449.0669429796,64739.8690452951,53235.8949022964,48512.8183983404,62528.7067716942,51776.5278017198,47274.5675251239,65937.8626258916,55686.8804379334,51332.3309795776,69623.1330818931,58119.1589388944,53396.0824349384,67411.9708082922,56659.7918383178,52157.8315617219,57714.7435085471,44128.198830465,38356.7244796103,62599.1624630642,47351.9153404463,41091.9990941399,59668.5110903539,45417.6854344575,39450.8343254221,57714.7435085471,44128.198830465,38356.7244796103,62599.1624630642,47351.9153404463,41091.9990941399,59668.5110903539,45417.6854344575,39450.8343254221
"16",19000,17827.2445443347,17329.0657805231,19421.6104324086,18105.5074297244,17565.167622672,19168.6441729634,17938.5496984906,17423.5065173827,15804.3238855119,13150.7998859042,12023.6004348312,16758.276728346,13780.4087621748,12557.8140268183,16185.9050226455,13402.6434364124,12237.285871626,17068.3840584733,14414.8600588655,13287.6606077925,18022.3369013074,15044.4689351361,13821.8741997796,17449.9651956069,14666.7036093738,13501.3460445874,15804.3238855119,13150.7998859042,12023.6004348312,16758.276728346,13780.4087621748,12557.8140268183,16185.9050226455,13402.6434364124,12237.285871626,17068.3840584733,14414.8600588655,13287.6606077925,18022.3369013074,15044.4689351361,13821.8741997796,17449.9651956069,14666.7036093738,13501.3460445874,14939.7837419945,11422.8307599296,9928.85238573018,16204.1428719103,12257.3077856741,10636.8934984831,15445.5273939608,11756.6215702274,10212.0688308313,14939.7837419945,11422.8307599296,9928.85238573018,16204.1428719103,12257.3077856741,10636.8934984831,15445.5273939608,11756.6215702274,10212.0688308313
"17",60500,56765.6997332763,55179.3936695606,61842.49637688,57651.7473420171,55931.1916406134,61036.998550752,57120.1187767726,55480.1128579817,50324.2944775513,41874.9154261689,38285.6750688048,53361.8811613128,43879.7226374514,39986.7236117112,51539.3291510559,42676.8383106819,38966.0944859673,54349.3281861913,45899.9491348089,42310.7087774448,57386.9148699528,47904.7563460914,44011.7573203512,55564.3628596959,46701.8720193219,42991.1281946073,50324.2944775513,41874.9154261689,38285.6750688048,53361.8811613128,43879.7226374514,39986.7236117112,51539.3291510559,42676.8383106819,38966.0944859673,54349.3281861913,45899.9491348089,42310.7087774448,57386.9148699528,47904.7563460914,44011.7573203512,55564.3628596959,46701.8720193219,42991.1281946073,47571.4166521403,36372.6979460917,31615.5562808777,51597.4023026619,39029.848475436,33870.1082451698,49181.8109123489,37435.5581578294,32517.3770665945,47571.4166521403,36372.6979460917,31615.5562808777,51597.4023026619,39029.848475436,33870.1082451698,49181.8109123489,37435.5581578294,32517.3770665945
"18",12800,12792.3689851049,12788.0812882577,12802.08957378,12793.7481037997,12789.2514495745,12800.835829512,12792.9206325828,12788.5493527844,14334.365764507,14317.1000221231,14307.3987870709,14339.0935815893,14320.2203813974,14310.046364637,14336.2568913399,14318.3481658328,14308.4578180974,14345.2446404776,14327.9788980937,14318.2776630416,14349.97245756,14331.0992573681,14320.9252406077,14347.1357673106,14329.2270418034,14319.336694068,14334.365764507,14317.1000221231,14307.3987870709,14339.0935815893,14320.2203813974,14310.046364637,14336.2568913399,14318.3481658328,14308.4578180974,14345.2446404776,14327.9788980937,14318.2776630416,14349.97245756,14331.0992573681,14320.9252406077,14347.1357673106,14329.2270418034,14319.336694068,15400.0950419816,15377.2111362363,15364.353180661,15406.3612608379,15381.3468406814,15367.8622632205,15402.6015295241,15378.8654180143,15365.7568136848,15418.6419019162,15395.7579961709,15382.9000405957,15424.9081207725,15399.8937006161,15386.4091231552,15421.1483894587,15397.412277949,15384.3036736195
"19",18200,17076.6237214153,16599.4209055538,18603.8584142019,17343.1702747886,16825.5816175068,18361.5433656808,17183.2423427646,16689.885190335,15138.8786692799,12597.0819959715,11517.3435744173,16052.6650766263,13200.1810248201,12029.0639625313,15504.3932322185,12838.3216075109,11722.0317296629,16349.7152560113,13807.9185827029,12728.1801611487,17263.5016633577,14411.0176115515,13239.9005492627,16715.2298189499,14049.1581942423,12932.8683163943,15138.8786692799,12597.0819959715,11517.3435744173,16052.6650766263,13200.1810248201,12029.0639625313,15504.3932322185,12838.3216075109,11722.0317296629,16349.7152560113,13807.9185827029,12728.1801611487,17263.5016633577,14411.0176115515,13239.9005492627,16715.2298189499,14049.1581942423,12932.8683163943,14310.7402160158,10941.8694647747,9510.79544317312,15521.8631720404,11741.210615751,10189.0242985469,14795.1893984256,11261.6059251652,9782.08698532265,14310.7402160158,10941.8694647747,9510.79544317312,15521.8631720404,11741.210615751,10189.0242985469,14795.1893984256,11261.6059251652,9782.08698532265
"20",0,0,0,0,0,0,0,0,0,0,0,0,0,0,0,0,0,0,0,0,0,0,0,0,0,0,0,0,0,0,0,0,0,0,0,0,0,0,0,0,0,0,0,0,0,0,0,0,0,0,0,0,0,0,0,0,0,0,0,0,0,0,0
