"","X1.12","X1.12.1","X1.12.2","X1.12.3","X1.12.4","X1.12.5","X1.12.6","X1.12.7","X1.12.8","X1.12.9","X1.12.10","X1.12.11","X1.12.12","X1.12.13","X1.12.14","X1.12.15","X1.12.16","X1.12.17","X1.12.18","X1.12.19"
"1",355,0,0,0,0,0,0,0,0,1046.11869595623,0,0,0,0,0,0,317.26121274314,134.246066879742,0,NA
"2",355,0,0,0,0,0,0,0,0,1569.17804393435,0,0,0,0,0,0,301.398152105983,134.246066879742,0,NA
"3",1420,0,0,0,0,0,0,0,0,1569.17804393435,0,0,0,0,0,0,317.26121274314,134.246066879742,0,NA
"4",5325,0,0,0,0,13.1656664537225,20.6306860232148,6.55249758987109,0,2615.29673989058,730.866222118406,0,80.4952002579702,61.0924484042575,192.45432244088,0,1729.07360945011,134.246066879742,0,NA
"5",12780,2641.6655694271,506.389566024364,103.747878506292,68.8012246936464,236.981996167004,412.613720464297,131.049951797422,10.9208293164518,4707.53413180304,4750.63044376964,1124.31081011784,885.447202837672,916.386726063862,2501.90619173144,846.903898479621,2427.04827748502,302.053650479419,620.363660620057,NA
"6",13490,3326.54182816746,776.464001237358,131.049951797422,80.2680954759208,302.810328435617,515.767150580371,163.812439746777,25.4819350717209,7322.83087169363,6212.36288800645,1616.19678954439,1368.41840438549,1221.84896808515,4233.99509369936,1046.17540400424,1760.79973072443,436.299717359161,906.685350137006,NA
"7",710,2152.46824175541,776.464001237358,114.668707822744,99.3795467797115,276.478995528172,412.613720464297,131.049951797422,20.9315895231993,10461.1869595623,8404.96155436167,1693.49315773999,2092.87520670722,1405.12631329792,4233.99509369936,1245.44690952885,1284.90791160972,604.107300958838,1193.00703965396,NA
"8",0,1174.07358641204,708.94539243411,109.208293164518,80.2680954759208,263.313329074449,371.352348417867,117.94495661768,19.1114513037907,9938.1276115842,8039.52844330247,1475.65793827966,2012.38000644925,1344.03386489366,4426.44941614024,1095.99328038539,1284.90791160972,536.984267518967,1049.84619489548,NA
"9",0,489.197327671685,573.908174827613,87.3666345316145,53.5120636506139,223.816329713282,330.090976371437,104.839961437937,14.5611057552691,7322.83087169363,5846.92977694725,1124.31081011784,1368.41840438549,1099.66407127663,3079.26915905408,697.450269336158,1253.1817903354,369.17668391929,811.24478696469,NA
"10",0,19.5678931068674,33.7593044016243,1.09208293164518,0,0,0,0,0,2615.29673989058,2558.03177741442,0,241.485600773911,61.0924484042575,577.36296732264,49.8178763811542,1903.56727645884,234.930617039548,95.4405631723164,NA
"11",355,0,0,0,0,0,0,0,0,1569.17804393435,0,0,0,0,0,0,2347.73297429923,201.369100319613,47.7202815861582,NA
"12",710,0,0,0,0,0,0,0,0,1569.17804393435,0,0,0,0,0,0,935.920577592262,144.314521895722,47.7202815861582,NA
