"","MI_SA_2015","MI_SA_PCDec_2015","MI_SA_PCDD_2015","MI_SA_HighET_2015","MI_SA_PCDec_HighET_2015","MI_SA_PCDD_HighET_2015","MI_SA_ET_Low_2015","MI_SA_PCDec_ET_Low_2015","MI_SA_PCDD_ET_Low_2015","MI_SA_2070100% Conversion Factor","MI_SA_PCDec_2070100% Conversion Factor","MI_SA_PCDD_2070100% Conversion Factor","MI_SA_HighET_2070100% Conversion Factor","MI_SA_PCDec_HighET_2070100% Conversion Factor","MI_SA_PCDD_HighET_2070100% Conversion Factor","MI_SA_ET_Low_2070100% Conversion Factor","MI_SA_PCDec_ET_Low_2070100% Conversion Factor","MI_SA_PCDD_ET_Low_2070100% Conversion Factor","MI_SA_2070_71% Conversion Factor","MI_SA_PCDec_2070_71% Conversion Factor","MI_SA_PCDD_2070_71% Conversion Factor","MI_SA_HighET_2070_71% Conversion Factor","MI_SA_PCDec_HighET_2070_71% Conversion Factor","MI_SA_PCDD_HighET_2070_71% Conversion Factor","MI_SA_ET_Low_2070_71% Conversion Factor","MI_SA_PCDec_ET_Low_2070_71% Conversion Factor","MI_SA_PCDD_ET_Low_2070_71% Conversion Factor","MI_SA_2070_63% Conversion Factor","MI_SA_PCDec_2070_63% Conversion Factor","MI_SA_PCDD_2070_63% Conversion Factor","MI_SA_HighET_2070_63% Conversion Factor","MI_SA_PCDec_HighET_2070_63% Conversion Factor","MI_SA_PCDD_HighET_2070_63% Conversion Factor","MI_SA_ET_Low_2070_63% Conversion Factor","MI_SA_PCDec_ET_Low_2070_63% Conversion Factor","MI_SA_PCDD_ET_Low_2070_63% Conversion Factor","MI_SA_2150100% Conversion Factor","MI_SA_PCDec_2150100% Conversion Factor","MI_SA_PCDD_2150100% Conversion Factor","MI_SA_HighET_2150100% Conversion Factor","MI_SA_PCDec_HighET_2150100% Conversion Factor","MI_SA_PCDD_HighET_2150100% Conversion Factor","MI_SA_ET_Low_2150100% Conversion Factor","MI_SA_PCDec_ET_Low_2150100% Conversion Factor","MI_SA_PCDD_ET_Low_2150100% Conversion Factor","MI_SA_2150_71% Conversion Factor","MI_SA_PCDec_2150_71% Conversion Factor","MI_SA_PCDD_2150_71% Conversion Factor","MI_SA_HighET_2150_71% Conversion Factor","MI_SA_PCDec_HighET_2150_71% Conversion Factor","MI_SA_PCDD_HighET_2150_71% Conversion Factor","MI_SA_ET_Low_2150_71% Conversion Factor","MI_SA_PCDec_ET_Low_2150_71% Conversion Factor","MI_SA_PCDD_ET_Low_2150_71% Conversion Factor","MI_SA_2150_63% Conversion Factor","MI_SA_PCDec_2150_63% Conversion Factor","MI_SA_PCDD_2150_63% Conversion Factor","MI_SA_HighET_2150_63% Conversion Factor","MI_SA_PCDec_HighET_2150_63% Conversion Factor","MI_SA_PCDD_HighET_2150_63% Conversion Factor","MI_SA_ET_Low_2150_63% Conversion Factor","MI_SA_PCDec_ET_Low_2150_63% Conversion Factor","MI_SA_PCDD_ET_Low_2150_63% Conversion Factor"
"1",35500,35500,35500,35500,35500,35500,35500,35500,35500,35500,35500,35500,35500,35500,35500,35500,35500,35500,35500,35500,35500,35500,35500,35500,35500,35500,35500,35500,35500,35500,35500,35500,35500,35500,35500,35500,35500,35500,35500,35500,35500,35500,35500,35500,35500,35500,35500,35500,35500,35500,35500,35500,35500,35500,35500,35500,35500,35500,35500,35500,35500,35500,35500
"2",31300,29710.8156176215,28732.4209622781,31554.495719598,29878.7827925561,28874.938565253,31452.6974317588,29811.5959225823,28817.931524063,37821.6585083982,35278.0029408703,33913.3808552867,38312.9224592083,35602.237148405,34188.4886677403,38116.4168788842,35472.5434653911,34078.4455427589,31709.4734292721,29165.8178617442,27801.1957761605,32200.7373800822,29490.0520692789,28076.3035886142,32004.2317997581,29360.358386265,27966.2604636327,30933.3229430338,28389.6673755059,27025.0452899223,31424.5868938439,28713.9015830406,27300.1531023759,31228.0813135198,28584.2079000267,27190.1099773945,48967.5269550959,44692.7966892184,42399.4864607433,49793.118637347,45237.6871995041,42861.8178028039,49462.8819644466,45019.7309953898,42676.8852659797,26558.4023989078,22283.6721330303,19990.3619045552,27383.9940811589,22828.562643316,20452.6932466158,27053.7574082585,22610.6064392017,20267.7607097916,23712.7992806617,19438.0690147842,17144.7587863091,24538.3909629128,19982.9595250699,17607.0901283697,24208.1542900124,19765.0033209556,17422.1575915455
"3",10800,10251.6552290834,9914.0621850672,10887.8132195418,10309.611953981,9963.23758801061,10852.6879317251,10286.429264022,9943.56742683324,13050.2847249425,12172.6016537188,11701.7416369679,13219.7943309728,12284.4779936988,11796.6670163449,13151.9904885607,12239.7274577068,11758.6968645941,10941.2879564261,10063.6048852025,9592.74486845157,11110.7975624565,10175.4812251825,9687.67024782855,11042.9937200443,10130.7306891905,9649.70009607776,10673.4788429638,9795.79577174007,9324.93575498917,10842.9884489941,9907.67211172009,9419.86113436615,10775.1846065819,9862.92157572808,9381.89098261536,16896.1434861034,15421.1566850977,14629.8547532277,17181.0121815766,15609.17002411,14789.3812226927,17067.0647033873,15533.9646885051,14725.5706349067,9163.9215945113,7688.93479350563,6897.63286163564,9448.7902899845,7876.94813251794,7057.15933110063,9334.84281179522,7801.74279691302,6993.34874331463,8182.05214795993,6707.06534695426,5915.76341508427,8466.92084343313,6895.07868596657,6075.28988454926,8352.97336524385,6819.87335036165,6011.47929676326
"4",9000,8874.70500804984,8820.10086146758,9029.45451890329,8894.14499052601,8836.59539205342,9017.67271134198,8886.36899753554,8829.99757981908,10846.0329272081,10536.9116365989,10402.1951247783,10918.7015850366,10584.8729507658,10442.8895731623,10889.6341219052,10565.688425099,10426.6117938087,9578.22653873148,9269.1052481223,9134.38873630167,9650.89519656004,9317.06656228915,9175.08318468566,9621.82773342861,9297.88203662241,9158.80540533206,9417.23525130588,9108.1139606967,8973.39744887607,9489.90390913444,9156.07527486355,9014.09189726006,9460.83644600301,9136.89074919681,8997.81411790646,12641.9750287262,12088.3588806302,11847.090360393,12772.1198736674,12174.2544782914,11919.9714735601,12720.0619356909,12139.8962392269,11890.8190282932,9460.79344953716,8907.17730144112,8665.90878120397,9590.93829447836,8993.07289910232,8738.78989437104,9538.88035650188,8958.71466003784,8709.63744910421,9056.83388392585,8503.21773582981,8261.94921559266,9186.97872886705,8589.11333349101,8334.83032875973,9134.92079089057,8554.75509442653,8305.6778834929
"5",6300,6212.29350563489,6174.0706030273,6320.61816323231,6225.90149336821,6185.6167744374,6312.37089793938,6220.45829827488,6180.99830587336,7592.22304904566,7375.83814561924,7281.53658734479,7643.09110952565,7409.41106553603,7310.02270121359,7622.74388533365,7395.98189756931,7298.62825566607,6704.75857711204,6488.37367368561,6394.07211541117,6755.62663759203,6521.94659360241,6422.55822927996,6735.27941340003,6508.51742563569,6411.16378373245,6592.06467591412,6375.67977248769,6281.37821421325,6642.93273639411,6409.25269240449,6309.86432808204,6622.58551220211,6395.82352443777,6298.46988253453,8849.38252010834,8461.85121644111,8292.96325227511,8940.48391156718,8521.97813480395,8343.98003149206,8904.04335498365,8497.92736745882,8323.57331980528,6622.55541467601,6235.02411100878,6066.13614684278,6713.65680613485,6295.15102937162,6117.15292605973,6677.21624955132,6271.10026202649,6096.74621437295,6339.7837187481,5952.25241508087,5783.36445091487,6430.88511020694,6012.37933344371,5834.38123013182,6394.44455362341,5988.32856609858,5813.97451844504
"6",21700,21397.8998527424,21266.2431882052,21771.0181178002,21444.7718104905,21306.0133341732,21742.6108706801,21426.0230273912,21290.105275786,26150.9905022684,25405.6647237996,25080.8482452987,26326.2027105883,25521.3047812908,25178.9670819579,26256.1178272604,25475.0487582943,25139.7195472942,23094.1684322748,22348.842653806,22024.0261753051,23269.3806405948,22464.4827112972,22122.1450119643,23199.2957572668,22418.2266883007,22082.8974773007,22706.0005503708,21960.6747719021,21635.8582934012,22881.2127586908,22076.3148293932,21733.9771300604,22811.1278753628,22030.0588063968,21694.7295953967,30481.2064581509,29146.376412186,28564.6512022809,30795.0001398425,29353.4802421025,28740.3756640282,30669.4826671659,29270.6387101359,28670.0858793293,22811.0242061063,21476.1941601414,20894.4689502362,23124.8178877978,21683.2979900578,21070.1934119835,22999.3004151212,21600.4564580912,20999.9036272846,21837.0328090212,20502.2027630563,19920.4775531512,22150.8264907128,20709.3065929728,20096.2020148985,22025.3090180362,20626.4650610062,20025.9122301995
"7",6600,6264.90041777322,6058.59355754107,6653.66363416444,6300.31841632174,6088.64519267315,6632.19818049866,6286.15121690233,6076.62453862032,7975.17399857598,7438.81212171706,7151.06433370262,8078.76320226118,7507.18099614929,7209.07428776634,8037.3275207871,7479.83344637639,7185.87030614085,6686.3426400382,6149.98076317929,5862.23297516485,6789.9318437234,6218.34963761152,5920.24292922856,6748.49616224932,6191.00208783862,5897.03894760307,6522.68151514451,5986.3196382856,5698.57185027116,6626.27071882971,6054.68851271783,5756.58180433487,6584.83503735563,6027.34096294493,5733.37782270938,10325.4210192854,9424.04019644862,8940.46679363918,10499.5074442968,9538.93723695614,9037.95519164556,10429.8728742923,9492.97842075313,8998.95983244301,5600.1743077569,4698.7934849201,4215.22008211066,5774.2607327683,4813.69052542762,4312.70848011704,5704.62616276374,4767.73170922461,4273.71312091449,5000.14297930884,4098.76215647204,3615.1887536626,5174.22940432024,4213.65919697956,3712.67715166898,5104.59483431568,4167.70038077655,3673.68179246643
"8",10800,10649.6460096598,10584.1210337611,10835.345422684,10672.9739886312,10603.9144704641,10821.2072536104,10663.6427970426,10595.9970957829,13015.2395126497,12644.2939639187,12482.6341497339,13102.441902044,12701.8475409189,12531.4674877947,13067.5609462863,12678.8261101188,12511.9341525704,11493.8718464778,11122.9262977468,10961.266483562,11581.074235872,11180.479874747,11010.0998216228,11546.1932801143,11157.4584439469,10990.5664863985,11300.6823015671,10929.736752836,10768.0769386513,11387.8846909613,10987.2903298363,10816.9102767121,11353.0037352036,10964.2688990362,10797.3769414878,15170.3700344714,14506.0306567562,14216.5084324716,15326.5438484009,14609.1053739496,14303.9657682721,15264.0743228291,14567.8754870722,14268.9828339519,11352.9521394446,10688.6127617293,10399.0905374448,11509.125953374,10791.6874789228,10486.5478732452,11446.6564278022,10750.4575920454,10451.564938925,10868.200660711,10203.8612829958,9914.33905871119,11024.3744746405,10306.9360001892,10001.7963945117,10961.9049490687,10265.7061133118,9966.81346019148
"9",1500,1479.11750134164,1470.0168102446,1504.90908648388,1482.357498421,1472.76589867557,1502.94545189033,1481.06149958926,1471.66626330318,1807.67215453468,1756.15193943315,1733.69918746305,1819.78359750611,1764.14549179429,1740.48159552705,1814.93902031754,1760.94807084984,1737.76863230144,1596.37108978858,1544.85087468705,1522.39812271695,1608.48253276001,1552.84442704819,1529.18053078094,1603.63795557144,1549.64700610374,1526.46756755534,1569.53920855098,1518.01899344945,1495.56624147934,1581.65065152241,1526.01254581059,1502.34864954334,1576.80607433384,1522.81512486614,1499.63568631774,2106.99583812103,2014.72648010503,1974.5150600655,2128.68664561123,2029.04241304856,1986.66191226001,2120.01032261515,2023.31603987115,1981.80317138221,1576.79890825619,1484.52955024019,1444.31813020066,1598.48971574639,1498.84548318372,1456.46498239517,1589.81339275031,1493.11911000631,1451.60624151737,1509.47231398764,1417.20295597164,1376.99153593211,1531.16312147784,1431.51888891517,1389.13838812662,1522.48679848176,1425.79251573776,1384.27964724882
"10",88600,76507.5771077602,71276.983627979,91459.0955885245,78394.5801961863,72878.0771575527,90315.4573531147,77639.7789608158,72237.6397457232,112290.208149112,95758.020350885,88607.0007020917,116199.028211376,98337.8415919794,90795.9399369596,114635.500186471,97305.9130955416,89920.3642430124,81898.787818097,65366.6000198697,58215.5803710764,85807.6078803612,67946.4212609641,60404.5196059443,84244.0798554555,66914.4927645263,59528.9439119971,78039.5598395554,61507.3720413281,54356.3523925348,81948.3799018196,64087.1932824225,56545.2916274027,80384.8518769139,63055.2647859847,55669.7159334555,142504.958122299,119712.485934754,109853.572011989,147893.940732624,123269.214457569,112871.402273771,145738.347688494,121846.523048443,111664.270169058,98589.1392276515,75796.6670401063,65937.7531173411,103978.121837976,79353.3955629208,68955.5833791231,101822.528793846,77930.704153795,67748.4512744103,98589.1392276515,75796.6670401063,65937.7531173411,103978.121837976,79353.3955629208,68955.5833791231,101822.528793846,77930.704153795,67748.4512744103
"11",61900,53451.6819748347,49797.3508642427,63897.4945477389,54770.0283763423,50915.9478109764,63098.4967286433,54242.6898157393,50468.5090322829,78451.0596436801,66900.9194099299,61904.8910097007,81181.9395743138,68703.3001641481,63434.1837708556,80089.5876020603,67982.3478624608,62822.4666663936,57218.2276065486,45668.0873727984,40672.0589725692,59949.1075371824,47470.4681270166,42201.3517337241,58856.7555649289,46749.5158253293,41589.6346292621,54521.9949669128,42971.8547331626,37975.8263329334,57252.8748975466,44774.2354873808,39505.1190940883,56160.5229252931,44053.2831856935,38893.4019896263,99560.4617129834,83636.6013471928,76748.7145320781,103325.450692432,86121.4940736287,78857.1083605692,101819.455100652,85127.5369830543,78013.7508291727,68878.868151147,52955.0077853564,46067.1209702417,72643.8571305953,55439.9005117923,48175.5147987328,71137.861538816,54445.9434212179,47332.1572673363,68878.868151147,52955.0077853564,46067.1209702417,72643.8571305953,55439.9005117923,48175.5147987328,71137.861538816,54445.9434212179,47332.1572673363
"12",26800,25145.7975677984,24443.1033114748,27196.4617399491,25407.4623161648,24665.1218858463,27037.8770439695,25302.7964168183,24576.3144560977,38116.452224767,34373.5867937414,32783.6423048595,39013.5026173269,34965.6400528309,33285.990524693,38654.6824603029,34728.8187491951,33085.0512367596,24075.4048824781,20332.5394514525,18742.5949625706,24972.455275038,20924.592710542,19244.9431824041,24613.635118014,20687.7714069062,19044.0038944707,22292.4147437748,18549.5493127492,16959.6048238673,23189.4651363347,19141.6025718387,17461.9530437008,22830.6449793107,18904.7812682029,17261.0137557674,44998.3576187708,40037.6028861741,37930.3070741454,46187.2988356742,40822.3040893303,38596.1141556113,45711.7223489128,40508.4236080678,38329.7913230249,21072.9581202869,16112.2033876902,14004.9075756615,22261.8993371903,16896.9045908464,14670.7146571274,21786.3228504289,16583.0241095839,14404.391824541,21072.9581202869,16112.2033876902,14004.9075756615,22261.8993371903,16896.9045908464,14670.7146571274,21786.3228504289,16583.0241095839,14404.391824541
"13",30700,28805.0740795303,28000.1220769506,31154.1557991208,29104.81690695,28254.4493244582,30972.4934794725,28984.9197759821,28152.7184254552,43663.2493768787,39375.7132301441,37554.3962223577,44690.8406847737,40053.9234933548,38129.8473547789,44279.8041616157,39782.6393880706,37899.6669018104,27578.9152944805,23291.3791477459,21470.0621399595,28606.5066023755,23969.5894109566,22045.5132723807,28195.4700792175,23698.3053056724,21815.3328194122,25536.4601729062,21248.9240261716,19427.6070183852,26564.0514808012,21927.1342893823,20003.0581508064,26153.0149576432,21655.8501840981,19772.8776978379,51546.6260782188,45863.9704703561,43450.0159394128,52908.5848602685,46762.8632665089,44212.7128573606,52363.8013474486,46403.3061480478,43907.6340901815,24139.5453094332,18456.8897015705,16042.9351706272,25501.5040914829,19355.7824977233,16805.632088575,24956.720578663,18996.2253792622,16500.5533213959,24139.5453094332,18456.8897015705,16042.9351706272,25501.5040914829,19355.7824977233,16805.632088575,24956.720578663,18996.2253792622,16500.5533213959
"14",23300,21861.8314675262,21250.9069834837,23644.6850201797,22089.3235808448,21443.9305947843,23506.8110121078,21998.3267355174,21366.721150264,33138.5573446668,29884.4989662005,28502.1964814636,33918.4556337207,30399.2318369761,28938.9395233338,33606.4963180992,30193.3386886659,28764.2423065858,20931.2288717067,17677.1704932404,16294.8680085036,21711.1271607606,18191.903364016,16731.6110503737,21399.1678451391,17986.0102157058,16556.9138336257,19381.0919227594,16127.0335442931,14744.7310595562,20160.9902118133,16641.7664150687,15181.4741014264,19849.0308961918,16435.8732667585,15006.7768846783,39121.7064372149,34808.8114644722,32976.7221950592,40155.3754802689,35491.0330328878,33555.5768591694,39741.9078630473,35218.1444055216,33324.0349935253,18320.8926941301,14007.9977213874,12175.9084519744,19354.5617371841,14690.219289803,12754.7631160846,18941.0941199625,14417.3306624368,12523.2212504405,18320.8926941301,14007.9977213874,12175.9084519744,19354.5617371841,14690.219289803,12754.7631160846,18941.0941199625,14417.3306624368,12523.2212504405
"15",73400,68869.4605028509,66944.9172784421,74485.8317803084,69586.1094778545,67552.9830754148,74051.4990681851,69299.449887853,67309.7567566257,104393.566914101,94142.5847261425,89788.0352677867,106850.413884768,95764.1037267831,91163.8695713606,105867.675096501,95115.4961265269,90613.535849931,65937.8626258916,55686.8804379334,51332.3309795776,68394.7095965593,57308.399438574,52708.1652831515,67411.9708082922,56659.7918383178,52157.8315617219,61054.5985892936,50803.6164013354,46449.0669429796,63511.4455599613,52425.135401976,47824.9012465535,62528.7067716942,51776.5278017198,47274.5675251239,123241.770493201,109655.225815119,103883.751464264,126498.049796212,111804.370155106,105707.26787395,125195.538075007,110944.712419111,104977.861310076,57714.7435085471,44128.198830465,38356.7244796103,60971.0228115585,46277.3431704525,40180.2408892967,59668.5110903539,45417.6854344575,39450.8343254221,57714.7435085471,44128.198830465,38356.7244796103,60971.0228115585,46277.3431704525,40180.2408892967,59668.5110903539,45417.6854344575,39450.8343254221
"16",19000,17827.2445443347,17329.0657805231,19281.0736216057,18012.7531345945,17486.4670086224,19168.6441729634,17938.5496984906,17423.5065173827,27022.8579205438,24369.3339209361,23242.134469863,27658.8264824332,24789.0731717831,23598.2768645211,27404.4390576774,24621.1774714443,23455.8199066579,17068.3840584733,14414.8600588655,13287.6606077925,17704.3526203627,14834.5993097126,13643.8030024506,17449.9651956069,14666.7036093738,13501.3460445874,15804.3238855119,13150.7998859042,12023.6004348312,16440.2924474013,13570.5391367512,12379.7428294893,16185.9050226455,13402.6434364124,12237.285871626,31901.8206998748,28384.8677178099,26890.8893436105,32744.7267864854,28941.1857349729,27362.9167521124,32407.5643518411,28718.6585281077,27174.1057887116,14939.7837419945,11422.8307599296,9928.85238573018,15782.6898286051,11979.1487770926,10400.8797942321,15445.5273939608,11756.6215702274,10212.0688308313,14939.7837419945,11422.8307599296,9928.85238573018,15782.6898286051,11979.1487770926,10400.8797942321,15445.5273939608,11756.6215702274,10212.0688308313
"17",60500,56765.6997332763,55179.3936695606,61394.9975845867,57356.3981391035,55680.5923169291,61036.998550752,57120.1187767726,55480.1128579817,86046.4686417315,77597.0895903491,74007.849232985,88071.5264309058,78933.6277312041,75141.8815949226,87261.5033152361,78399.0124748621,74688.2686501475,54349.3281861913,45899.9491348089,42310.7087774448,56374.3859753656,47236.4872756639,43444.7411393824,55564.3628596959,46701.8720193219,42991.1281946073,50324.2944775513,41874.9154261689,38285.6750688048,52349.3522667256,43211.4535670239,39419.7074307424,51539.3291510559,42676.8383106819,38966.0944859673,101582.11328118,90383.3945751317,85626.2529099177,104266.103714861,92154.8282613612,87129.2875527791,103192.507541389,91446.2547868694,86528.0736956345,47571.4166521403,36372.6979460917,31615.5562808777,50255.4070858214,38144.1316323212,33118.5909237391,49181.8109123489,37435.5581578294,32517.3770665945,47571.4166521403,36372.6979460917,31615.5562808777,50255.4070858214,38144.1316323212,33118.5909237391,49181.8109123489,37435.5581578294,32517.3770665945
"18",12800,12792.3689851049,12788.0812882577,12801.3930491866,12793.2883975681,12788.8613958022,12800.835829512,12792.9206325828,12788.5493527844,14430.9157887464,14413.6500463625,14403.9488113104,14434.0676668013,14415.7302858787,14405.7138630211,14432.8069155794,14414.8981900723,14405.0078423368,14345.2446404776,14327.9788980937,14318.2776630416,14348.3965185325,14330.0591376099,14320.0427147523,14347.1357673106,14329.2270418034,14319.336694068,14334.365764507,14317.1000221231,14307.3987870709,14337.5176425619,14319.1802616393,14309.1638387817,14336.2568913399,14318.3481658328,14308.4578180974,15564.6984239016,15541.8145181563,15528.9565625811,15568.8759031392,15544.5716544531,15531.2959509541,15567.2049114441,15543.4687999344,15530.3601956049,15418.6419019162,15395.7579961709,15382.9000405957,15422.8193811537,15398.5151324677,15385.2394289687,15421.1483894587,15397.412277949,15384.3036736195,15400.0950419816,15377.2111362363,15364.353180661,15404.2725212191,15379.968272533,15366.692569034,15402.6015295241,15378.8654180143,15365.7568136848
"19",18200,17076.6237214153,16599.4209055538,18469.2389428013,17254.3214236642,16750.1947135225,18361.5433656808,17183.2423427646,16689.885190335,25885.0533765209,23343.2567032125,22263.5182816583,26494.2443147519,23745.3227224449,22604.6652070676,26250.5679394595,23584.4963147519,22468.2064369039,16349.7152560113,13807.9185827029,12728.1801611487,16958.9061942423,14209.9846019353,13069.327086558,16715.2298189499,14049.1581942423,12932.8683163943,15138.8786692799,12597.0819959715,11517.3435744173,15748.0696075109,12999.1480152039,11858.4904998267,15504.3932322185,12838.3216075109,11722.0317296629,30558.5861440907,27189.7153928496,25758.641371248,31366.0014481071,27722.6094935005,26210.7939414972,31043.0353265005,27509.4518532401,26029.9329133975,14310.7402160158,10941.8694647747,9510.79544317312,15118.1555200322,11474.7635654256,9962.94801342233,14795.1893984256,11261.6059251652,9782.08698532265,14310.7402160158,10941.8694647747,9510.79544317312,15118.1555200322,11474.7635654256,9962.94801342233,14795.1893984256,11261.6059251652,9782.08698532265
"20",0,0,0,0,0,0,0,0,0,0,0,0,0,0,0,0,0,0,0,0,0,0,0,0,0,0,0,0,0,0,0,0,0,0,0,0,0,0,0,0,0,0,0,0,0,0,0,0,0,0,0,0,0,0,0,0,0,0,0,0,0,0,0
