,date,col_name,year,month,annual_m3s,obs_m3s,recon_m3s,resolution
1,1429-01-01,weber2014,1429,1,NA,NA,156788.9367,annual
2,1430-01-01,weber2014,1430,1,NA,NA,163980.8639,annual
3,1431-01-01,weber2014,1431,1,NA,NA,177655.9508,annual
4,1432-01-01,weber2014,1432,1,NA,NA,153300.5195,annual
5,1433-01-01,weber2014,1433,1,NA,NA,149246.6075,annual
6,1434-01-01,weber2014,1434,1,NA,NA,155862.2539,annual
7,1435-01-01,weber2014,1435,1,NA,NA,157707.6558,annual
8,1436-01-01,weber2014,1436,1,NA,NA,172756.8237,annual
9,1437-01-01,weber2014,1437,1,NA,NA,94300.83368,annual
10,1438-01-01,weber2014,1438,1,NA,NA,81716.04698,annual
11,1439-01-01,weber2014,1439,1,NA,NA,120237.8163,annual
12,1440-01-01,weber2014,1440,1,NA,NA,222899.221,annual
13,1441-01-01,weber2014,1441,1,NA,NA,223597.6982,annual
14,1442-01-01,weber2014,1442,1,NA,NA,164883.6557,annual
15,1443-01-01,weber2014,1443,1,NA,NA,210139.0786,annual
16,1444-01-01,weber2014,1444,1,NA,NA,146631.9022,annual
17,1445-01-01,weber2014,1445,1,NA,NA,162582.8761,annual
18,1446-01-01,weber2014,1446,1,NA,NA,187559.1492,annual
19,1447-01-01,weber2014,1447,1,NA,NA,209115.3837,annual
20,1448-01-01,weber2014,1448,1,NA,NA,158287.1003,annual
21,1449-01-01,weber2014,1449,1,NA,NA,163724.5782,annual
22,1450-01-01,weber2014,1450,1,NA,NA,152240.9513,annual
23,1451-01-01,weber2014,1451,1,NA,NA,248938.1288,annual
24,1452-01-01,weber2014,1452,1,NA,NA,257906.9206,annual
25,1453-01-01,weber2014,1453,1,NA,NA,228175.3664,annual
26,1454-01-01,weber2014,1454,1,NA,NA,198992.8221,annual
27,1455-01-01,weber2014,1455,1,NA,NA,216103.8751,annual
28,1456-01-01,weber2014,1456,1,NA,NA,96596.94617,annual
29,1457-01-01,weber2014,1457,1,NA,NA,170828.181,annual
30,1458-01-01,weber2014,1458,1,NA,NA,157428.927,annual
31,1459-01-01,weber2014,1459,1,NA,NA,94250.87969,annual
32,1460-01-01,weber2014,1460,1,NA,NA,32278.11109,annual
33,1461-01-01,weber2014,1461,1,NA,NA,57688.17573,annual
34,1462-01-01,weber2014,1462,1,NA,NA,204180.0739,annual
35,1463-01-01,weber2014,1463,1,NA,NA,260577.4095,annual
36,1464-01-01,weber2014,1464,1,NA,NA,192023.6538,annual
37,1465-01-01,weber2014,1465,1,NA,NA,127757.7023,annual
38,1466-01-01,weber2014,1466,1,NA,NA,148715.2129,annual
39,1467-01-01,weber2014,1467,1,NA,NA,177286.0017,annual
40,1468-01-01,weber2014,1468,1,NA,NA,154627.5641,annual
41,1469-01-01,weber2014,1469,1,NA,NA,171355.9558,annual
42,1470-01-01,weber2014,1470,1,NA,NA,154181.1934,annual
43,1471-01-01,weber2014,1471,1,NA,NA,106124.7269,annual
44,1472-01-01,weber2014,1472,1,NA,NA,116800.2575,annual
45,1473-01-01,weber2014,1473,1,NA,NA,115495.0827,annual
46,1474-01-01,weber2014,1474,1,NA,NA,53361.00148,annual
47,1475-01-01,weber2014,1475,1,NA,NA,21622.11584,annual
48,1476-01-01,weber2014,1476,1,NA,NA,159751.3504,annual
49,1477-01-01,weber2014,1477,1,NA,NA,191010.3187,annual
50,1478-01-01,weber2014,1478,1,NA,NA,202082.7301,annual
51,1479-01-01,weber2014,1479,1,NA,NA,117154.4241,annual
52,1480-01-01,weber2014,1480,1,NA,NA,128567.9785,annual
53,1481-01-01,weber2014,1481,1,NA,NA,134547.8257,annual
54,1482-01-01,weber2014,1482,1,NA,NA,165669.8881,annual
55,1483-01-01,weber2014,1483,1,NA,NA,200380.6744,annual
56,1484-01-01,weber2014,1484,1,NA,NA,241973.6732,annual
57,1485-01-01,weber2014,1485,1,NA,NA,191716.1903,annual
58,1486-01-01,weber2014,1486,1,NA,NA,181474.8975,annual
59,1487-01-01,weber2014,1487,1,NA,NA,153649.0748,annual
60,1488-01-01,weber2014,1488,1,NA,NA,150931.0042,annual
61,1489-01-01,weber2014,1489,1,NA,NA,150140.7116,annual
62,1490-01-01,weber2014,1490,1,NA,NA,188333.0741,annual
63,1491-01-01,weber2014,1491,1,NA,NA,180354.1905,annual
64,1492-01-01,weber2014,1492,1,NA,NA,121484.1154,annual
65,1493-01-01,weber2014,1493,1,NA,NA,130235.8548,annual
66,1494-01-01,weber2014,1494,1,NA,NA,134334.9783,annual
67,1495-01-01,weber2014,1495,1,NA,NA,49746.21462,annual
68,1496-01-01,weber2014,1496,1,NA,NA,64307.21981,annual
69,1497-01-01,weber2014,1497,1,NA,NA,100762.9982,annual
70,1498-01-01,weber2014,1498,1,NA,NA,154107.3484,annual
71,1499-01-01,weber2014,1499,1,NA,NA,79462.32547,annual
72,1500-01-01,weber2014,1500,1,NA,NA,65159.55575,annual
73,1501-01-01,weber2014,1501,1,NA,NA,157429.651,annual
74,1502-01-01,weber2014,1502,1,NA,NA,187861.7691,annual
75,1503-01-01,weber2014,1503,1,NA,NA,160195.2199,annual
76,1504-01-01,weber2014,1504,1,NA,NA,134193.3993,annual
77,1505-01-01,weber2014,1505,1,NA,NA,35592.5829,annual
78,1506-01-01,weber2014,1506,1,NA,NA,24458.63395,annual
79,1507-01-01,weber2014,1507,1,NA,NA,124488.2496,annual
80,1508-01-01,weber2014,1508,1,NA,NA,198793.9047,annual
81,1509-01-01,weber2014,1509,1,NA,NA,213812.5071,annual
82,1510-01-01,weber2014,1510,1,NA,NA,116159.688,annual
83,1511-01-01,weber2014,1511,1,NA,NA,157269.6534,annual
84,1512-01-01,weber2014,1512,1,NA,NA,185693.3313,annual
85,1513-01-01,weber2014,1513,1,NA,NA,178592.0453,annual
86,1514-01-01,weber2014,1514,1,NA,NA,207923.0036,annual
87,1515-01-01,weber2014,1515,1,NA,NA,120287.7703,annual
88,1516-01-01,weber2014,1516,1,NA,NA,203339.1053,annual
89,1517-01-01,weber2014,1517,1,NA,NA,163484.2199,annual
90,1518-01-01,weber2014,1518,1,NA,NA,82487.79999,annual
91,1519-01-01,weber2014,1519,1,NA,NA,190245.8053,annual
92,1520-01-01,weber2014,1520,1,NA,NA,175328.1542,annual
93,1521-01-01,weber2014,1521,1,NA,NA,188769.6286,annual
94,1522-01-01,weber2014,1522,1,NA,NA,133692.0921,annual
95,1523-01-01,weber2014,1523,1,NA,NA,200570.3548,annual
96,1524-01-01,weber2014,1524,1,NA,NA,203595.3672,annual
97,1525-01-01,weber2014,1525,1,NA,NA,217835.6136,annual
98,1526-01-01,weber2014,1526,1,NA,NA,189490.7037,annual
99,1527-01-01,weber2014,1527,1,NA,NA,180761.7861,annual
100,1528-01-01,weber2014,1528,1,NA,NA,135195.2164,annual
101,1529-01-01,weber2014,1529,1,NA,NA,84075.46824,annual
102,1530-01-01,weber2014,1530,1,NA,NA,105176.325,annual
103,1531-01-01,weber2014,1531,1,NA,NA,94051.78768,annual
104,1532-01-01,weber2014,1532,1,NA,NA,25033.08604,annual
105,1533-01-01,weber2014,1533,1,NA,NA,117139.9447,annual
106,1534-01-01,weber2014,1534,1,NA,NA,149221.9925,annual
107,1535-01-01,weber2014,1535,1,NA,NA,202512.0448,annual
108,1536-01-01,weber2014,1536,1,NA,NA,234927.5597,annual
109,1537-01-01,weber2014,1537,1,NA,NA,166491.5951,annual
110,1538-01-01,weber2014,1538,1,NA,NA,159935.3144,annual
111,1539-01-01,weber2014,1539,1,NA,NA,146304.3897,annual
112,1540-01-01,weber2014,1540,1,NA,NA,128397.3793,annual
113,1541-01-01,weber2014,1541,1,NA,NA,126985.9493,annual
114,1542-01-01,weber2014,1542,1,NA,NA,90937.9887,annual
115,1543-01-01,weber2014,1543,1,NA,NA,85099.88711,annual
116,1544-01-01,weber2014,1544,1,NA,NA,84617.24644,annual
117,1545-01-01,weber2014,1545,1,NA,NA,89466.87977,annual
118,1546-01-01,weber2014,1546,1,NA,NA,172265.9873,annual
119,1547-01-01,weber2014,1547,1,NA,NA,188169.4567,annual
120,1548-01-01,weber2014,1548,1,NA,NA,229396.513,annual
121,1549-01-01,weber2014,1549,1,NA,NA,254474.3345,annual
122,1550-01-01,weber2014,1550,1,NA,NA,232396.8409,annual
123,1551-01-01,weber2014,1551,1,NA,NA,205833.6235,annual
124,1552-01-01,weber2014,1552,1,NA,NA,189752.8684,annual
125,1553-01-01,weber2014,1553,1,NA,NA,181147.6627,annual
126,1554-01-01,weber2014,1554,1,NA,NA,122341.6758,annual
127,1555-01-01,weber2014,1555,1,NA,NA,164415.9705,annual
128,1556-01-01,weber2014,1556,1,NA,NA,192600.0616,annual
129,1557-01-01,weber2014,1557,1,NA,NA,188276.6044,annual
130,1558-01-01,weber2014,1558,1,NA,NA,126471.93,annual
131,1559-01-01,weber2014,1559,1,NA,NA,132144.9662,annual
132,1560-01-01,weber2014,1560,1,NA,NA,160059.155,annual
133,1561-01-01,weber2014,1561,1,NA,NA,183314.5076,annual
134,1562-01-01,weber2014,1562,1,NA,NA,202320.1925,annual
135,1563-01-01,weber2014,1563,1,NA,NA,196996.1103,annual
136,1564-01-01,weber2014,1564,1,NA,NA,216959.462,annual
137,1565-01-01,weber2014,1565,1,NA,NA,188758.0451,annual
138,1566-01-01,weber2014,1566,1,NA,NA,136715.3947,annual
139,1567-01-01,weber2014,1567,1,NA,NA,145877.2468,annual
140,1568-01-01,weber2014,1568,1,NA,NA,128466.3449,annual
141,1569-01-01,weber2014,1569,1,NA,NA,145466.7553,annual
142,1570-01-01,weber2014,1570,1,NA,NA,137442.2615,annual
143,1571-01-01,weber2014,1571,1,NA,NA,136087.7119,annual
144,1572-01-01,weber2014,1572,1,NA,NA,143992.332,annual
145,1573-01-01,weber2014,1573,1,NA,NA,121737.884,annual
146,1574-01-01,weber2014,1574,1,NA,NA,103203.5042,annual
147,1575-01-01,weber2014,1575,1,NA,NA,111751.429,annual
148,1576-01-01,weber2014,1576,1,NA,NA,123955.2642,annual
149,1577-01-01,weber2014,1577,1,NA,NA,215119.2746,annual
150,1578-01-01,weber2014,1578,1,NA,NA,186284.2364,annual
151,1579-01-01,weber2014,1579,1,NA,NA,81915.86296,annual
152,1580-01-01,weber2014,1580,1,NA,NA,20196.77774,annual
153,1581-01-01,weber2014,1581,1,NA,NA,145832.3606,annual
154,1582-01-01,weber2014,1582,1,NA,NA,168161.7961,annual
155,1583-01-01,weber2014,1583,1,NA,NA,135719.9346,annual
156,1584-01-01,weber2014,1584,1,NA,NA,50023.34077,annual
157,1585-01-01,weber2014,1585,1,NA,NA,55070.29685,annual
158,1586-01-01,weber2014,1586,1,NA,NA,150293.4695,annual
159,1587-01-01,weber2014,1587,1,NA,NA,170532.8009,annual
160,1588-01-01,weber2014,1588,1,NA,NA,164173.1387,annual
161,1589-01-01,weber2014,1589,1,NA,NA,178183.0017,annual
162,1590-01-01,weber2014,1590,1,NA,NA,98004.66897,annual
163,1591-01-01,weber2014,1591,1,NA,NA,101531.8553,annual
164,1592-01-01,weber2014,1592,1,NA,NA,83049.1849,annual
165,1593-01-01,weber2014,1593,1,NA,NA,142756.9321,annual
166,1594-01-01,weber2014,1594,1,NA,NA,171829.4328,annual
167,1595-01-01,weber2014,1595,1,NA,NA,183543.2825,annual
168,1596-01-01,weber2014,1596,1,NA,NA,199614.2332,annual
169,1597-01-01,weber2014,1597,1,NA,NA,145122.8691,annual
170,1598-01-01,weber2014,1598,1,NA,NA,112042.4653,annual
171,1599-01-01,weber2014,1599,1,NA,NA,135964.6368,annual
172,1600-01-01,weber2014,1600,1,NA,NA,63438.25238,annual
173,1601-01-01,weber2014,1601,1,NA,NA,184462.7255,annual
174,1602-01-01,weber2014,1602,1,NA,NA,206243.391,annual
175,1603-01-01,weber2014,1603,1,NA,NA,206818.9479,annual
176,1604-01-01,weber2014,1604,1,NA,NA,211597.5627,annual
177,1605-01-01,weber2014,1605,1,NA,NA,217687.1995,annual
178,1606-01-01,weber2014,1606,1,NA,NA,188955.6891,annual
179,1607-01-01,weber2014,1607,1,NA,NA,112794.6711,annual
180,1608-01-01,weber2014,1608,1,NA,NA,172653.7382,annual
181,1609-01-01,weber2014,1609,1,NA,NA,230909.0807,annual
182,1610-01-01,weber2014,1610,1,NA,NA,213744.4538,annual
183,1611-01-01,weber2014,1611,1,NA,NA,185656.5536,annual
184,1612-01-01,weber2014,1612,1,NA,NA,174732.8716,annual
185,1613-01-01,weber2014,1613,1,NA,NA,150094.3775,annual
186,1614-01-01,weber2014,1614,1,NA,NA,186690.3841,annual
187,1615-01-01,weber2014,1615,1,NA,NA,203175.9262,annual
188,1616-01-01,weber2014,1616,1,NA,NA,225026.9934,annual
189,1617-01-01,weber2014,1617,1,NA,NA,257675.7339,annual
190,1618-01-01,weber2014,1618,1,NA,NA,251184.6106,annual
191,1619-01-01,weber2014,1619,1,NA,NA,185569.6771,annual
192,1620-01-01,weber2014,1620,1,NA,NA,180317.6389,annual
193,1621-01-01,weber2014,1621,1,NA,NA,230215.5165,annual
194,1622-01-01,weber2014,1622,1,NA,NA,147058.7674,annual
195,1623-01-01,weber2014,1623,1,NA,NA,157147.3023,annual
196,1624-01-01,weber2014,1624,1,NA,NA,149581.455,annual
197,1625-01-01,weber2014,1625,1,NA,NA,160249.5177,annual
198,1626-01-01,weber2014,1626,1,NA,NA,106101.5599,annual
199,1627-01-01,weber2014,1627,1,NA,NA,135115.4189,annual
200,1628-01-01,weber2014,1628,1,NA,NA,138390.8677,annual
201,1629-01-01,weber2014,1629,1,NA,NA,127369.6539,annual
202,1630-01-01,weber2014,1630,1,NA,NA,111371.3443,annual
203,1631-01-01,weber2014,1631,1,NA,NA,65578.73492,annual
204,1632-01-01,weber2014,1632,1,NA,NA,39048.36195,annual
205,1633-01-01,weber2014,1633,1,NA,NA,177563.2826,annual
206,1634-01-01,weber2014,1634,1,NA,NA,113578.7316,annual
207,1635-01-01,weber2014,1635,1,NA,NA,83667.14864,annual
208,1636-01-01,weber2014,1636,1,NA,NA,123009.3456,annual
209,1637-01-01,weber2014,1637,1,NA,NA,84411.39076,annual
210,1638-01-01,weber2014,1638,1,NA,NA,99587.99339,annual
211,1639-01-01,weber2014,1639,1,NA,NA,113610.5864,annual
212,1640-01-01,weber2014,1640,1,NA,NA,225917.0135,annual
213,1641-01-01,weber2014,1641,1,NA,NA,201577.3984,annual
214,1642-01-01,weber2014,1642,1,NA,NA,222862.1438,annual
215,1643-01-01,weber2014,1643,1,NA,NA,190764.1685,annual
216,1644-01-01,weber2014,1644,1,NA,NA,164895.4633,annual
217,1645-01-01,weber2014,1645,1,NA,NA,108437.8141,annual
218,1646-01-01,weber2014,1646,1,NA,NA,128472.9856,annual
219,1647-01-01,weber2014,1647,1,NA,NA,188757.3211,annual
220,1648-01-01,weber2014,1648,1,NA,NA,149051.5083,annual
221,1649-01-01,weber2014,1649,1,NA,NA,187491.096,annual
222,1650-01-01,weber2014,1650,1,NA,NA,155777.5493,annual
223,1651-01-01,weber2014,1651,1,NA,NA,149801.8932,annual
224,1652-01-01,weber2014,1652,1,NA,NA,101712.021,annual
225,1653-01-01,weber2014,1653,1,NA,NA,100275.7658,annual
226,1654-01-01,weber2014,1654,1,NA,NA,183487.5367,annual
227,1655-01-01,weber2014,1655,1,NA,NA,178223.5441,annual
228,1656-01-01,weber2014,1656,1,NA,NA,189321.6515,annual
229,1657-01-01,weber2014,1657,1,NA,NA,169473.6314,annual
230,1658-01-01,weber2014,1658,1,NA,NA,176403.4811,annual
231,1659-01-01,weber2014,1659,1,NA,NA,149543.4356,annual
232,1660-01-01,weber2014,1660,1,NA,NA,125109.5317,annual
233,1661-01-01,weber2014,1661,1,NA,NA,91008.93786,annual
234,1662-01-01,weber2014,1662,1,NA,NA,155369.9537,annual
235,1663-01-01,weber2014,1663,1,NA,NA,126492.2011,annual
236,1664-01-01,weber2014,1664,1,NA,NA,131727.3321,annual
237,1665-01-01,weber2014,1665,1,NA,NA,125019.6443,annual
238,1666-01-01,weber2014,1666,1,NA,NA,148702.9054,annual
239,1667-01-01,weber2014,1667,1,NA,NA,101806.9643,annual
240,1668-01-01,weber2014,1668,1,NA,NA,131475.426,annual
241,1669-01-01,weber2014,1669,1,NA,NA,156316.1837,annual
242,1670-01-01,weber2014,1670,1,NA,NA,133965.7531,annual
243,1671-01-01,weber2014,1671,1,NA,NA,125857.2786,annual
244,1672-01-01,weber2014,1672,1,NA,NA,157416.681,annual
245,1673-01-01,weber2014,1673,1,NA,NA,182389.2728,annual
246,1674-01-01,weber2014,1674,1,NA,NA,204046.8632,annual
247,1675-01-01,weber2014,1675,1,NA,NA,183938.5706,annual
248,1676-01-01,weber2014,1676,1,NA,NA,213110.4517,annual
249,1677-01-01,weber2014,1677,1,NA,NA,159136.0505,annual
250,1678-01-01,weber2014,1678,1,NA,NA,167675.2876,annual
251,1679-01-01,weber2014,1679,1,NA,NA,193887.3791,annual
252,1680-01-01,weber2014,1680,1,NA,NA,219003.0236,annual
253,1681-01-01,weber2014,1681,1,NA,NA,162983.232,annual
254,1682-01-01,weber2014,1682,1,NA,NA,157533.1788,annual
255,1683-01-01,weber2014,1683,1,NA,NA,178790.4133,annual
256,1684-01-01,weber2014,1684,1,NA,NA,153138.6316,annual
257,1685-01-01,weber2014,1685,1,NA,NA,81097.7758,annual
258,1686-01-01,weber2014,1686,1,NA,NA,111728.9859,annual
259,1687-01-01,weber2014,1687,1,NA,NA,227543.3398,annual
260,1688-01-01,weber2014,1688,1,NA,NA,208693.0191,annual
261,1689-01-01,weber2014,1689,1,NA,NA,154689.421,annual
262,1690-01-01,weber2014,1690,1,NA,NA,145383.4986,annual
263,1691-01-01,weber2014,1691,1,NA,NA,177922.3722,annual
264,1692-01-01,weber2014,1692,1,NA,NA,206383.7581,annual
265,1693-01-01,weber2014,1693,1,NA,NA,202801.6332,annual
266,1694-01-01,weber2014,1694,1,NA,NA,146113.9853,annual
267,1695-01-01,weber2014,1695,1,NA,NA,169336.8009,annual
268,1696-01-01,weber2014,1696,1,NA,NA,179129.2515,annual
269,1697-01-01,weber2014,1697,1,NA,NA,163554.445,annual
270,1698-01-01,weber2014,1698,1,NA,NA,188335.97,annual
271,1699-01-01,weber2014,1699,1,NA,NA,178392.2293,annual
272,1700-01-01,weber2014,1700,1,NA,NA,167528.3215,annual
273,1701-01-01,weber2014,1701,1,NA,NA,188981.7521,annual
274,1702-01-01,weber2014,1702,1,NA,NA,205198.701,annual
275,1703-01-01,weber2014,1703,1,NA,NA,131428.9589,annual
276,1704-01-01,weber2014,1704,1,NA,NA,122004.6247,annual
277,1705-01-01,weber2014,1705,1,NA,NA,153927.0796,annual
278,1706-01-01,weber2014,1706,1,NA,NA,90047.50446,annual
279,1707-01-01,weber2014,1707,1,NA,NA,88144.18488,annual
280,1708-01-01,weber2014,1708,1,NA,NA,73514.49964,annual
281,1709-01-01,weber2014,1709,1,NA,NA,120511.4773,annual
282,1710-01-01,weber2014,1710,1,NA,NA,115311.1941,annual
283,1711-01-01,weber2014,1711,1,NA,NA,150617.8085,annual
284,1712-01-01,weber2014,1712,1,NA,NA,143452.9478,annual
285,1713-01-01,weber2014,1713,1,NA,NA,135743.1017,annual
286,1714-01-01,weber2014,1714,1,NA,NA,141125.8256,annual
287,1715-01-01,weber2014,1715,1,NA,NA,131440.5425,annual
288,1716-01-01,weber2014,1716,1,NA,NA,137579.9766,annual
289,1717-01-01,weber2014,1717,1,NA,NA,118658.8357,annual
290,1718-01-01,weber2014,1718,1,NA,NA,138999.523,annual
291,1719-01-01,weber2014,1719,1,NA,NA,164237.8736,annual
292,1720-01-01,weber2014,1720,1,NA,NA,201247.6306,annual
293,1721-01-01,weber2014,1721,1,NA,NA,114782.6953,annual
294,1722-01-01,weber2014,1722,1,NA,NA,132034.9226,annual
295,1723-01-01,weber2014,1723,1,NA,NA,186798.9797,annual
296,1724-01-01,weber2014,1724,1,NA,NA,161122.6783,annual
297,1725-01-01,weber2014,1725,1,NA,NA,187993.5318,annual
298,1726-01-01,weber2014,1726,1,NA,NA,214504.6233,annual
299,1727-01-01,weber2014,1727,1,NA,NA,188333.0741,annual
300,1728-01-01,weber2014,1728,1,NA,NA,153084.911,annual
301,1729-01-01,weber2014,1729,1,NA,NA,66116.64532,annual
302,1730-01-01,weber2014,1730,1,NA,NA,143282.535,annual
303,1731-01-01,weber2014,1731,1,NA,NA,177750.0671,annual
304,1732-01-01,weber2014,1732,1,NA,NA,173290.4002,annual
305,1733-01-01,weber2014,1733,1,NA,NA,195586.5389,annual
306,1734-01-01,weber2014,1734,1,NA,NA,199312.0933,annual
307,1735-01-01,weber2014,1735,1,NA,NA,55794.99175,annual
308,1736-01-01,weber2014,1736,1,NA,NA,91104.37508,annual
309,1737-01-01,weber2014,1737,1,NA,NA,144207.0459,annual
310,1738-01-01,weber2014,1738,1,NA,NA,198344.1442,annual
311,1739-01-01,weber2014,1739,1,NA,NA,177364.9145,annual
312,1740-01-01,weber2014,1740,1,NA,NA,162300.9023,annual
313,1741-01-01,weber2014,1741,1,NA,NA,191542.4373,annual
314,1742-01-01,weber2014,1742,1,NA,NA,165955.1327,annual
315,1743-01-01,weber2014,1743,1,NA,NA,146366.6512,annual
316,1744-01-01,weber2014,1744,1,NA,NA,106067.0215,annual
317,1745-01-01,weber2014,1745,1,NA,NA,164400.0431,annual
318,1746-01-01,weber2014,1746,1,NA,NA,232683.5334,annual
319,1747-01-01,weber2014,1747,1,NA,NA,207847.7106,annual
320,1748-01-01,weber2014,1748,1,NA,NA,159641.7313,annual
321,1749-01-01,weber2014,1749,1,NA,NA,189196.7715,annual
322,1750-01-01,weber2014,1750,1,NA,NA,119765.7872,annual
323,1751-01-01,weber2014,1751,1,NA,NA,106199.2959,annual
324,1752-01-01,weber2014,1752,1,NA,NA,134613.0009,annual
325,1753-01-01,weber2014,1753,1,NA,NA,165916.7622,annual
326,1754-01-01,weber2014,1754,1,NA,NA,166734.1254,annual
327,1755-01-01,weber2014,1755,1,NA,NA,136134.046,annual
328,1756-01-01,weber2014,1756,1,NA,NA,55138.41557,annual
329,1757-01-01,weber2014,1757,1,NA,NA,94754.03948,annual
330,1758-01-01,weber2014,1758,1,NA,NA,141873.6876,annual
331,1759-01-01,weber2014,1759,1,NA,NA,128569.2738,annual
332,1760-01-01,weber2014,1760,1,NA,NA,174206.5547,annual
333,1761-01-01,weber2014,1761,1,NA,NA,196054.2241,annual
334,1762-01-01,weber2014,1762,1,NA,NA,185165.7013,annual
335,1763-01-01,weber2014,1763,1,NA,NA,122241.0438,annual
336,1764-01-01,weber2014,1764,1,NA,NA,179863.9174,annual
337,1765-01-01,weber2014,1765,1,NA,NA,131074.9371,annual
338,1766-01-01,weber2014,1766,1,NA,NA,175067.0308,annual
339,1767-01-01,weber2014,1767,1,NA,NA,201330.5243,annual
340,1768-01-01,weber2014,1768,1,NA,NA,227523.5506,annual
341,1769-01-01,weber2014,1769,1,NA,NA,203807.9528,annual
342,1770-01-01,weber2014,1770,1,NA,NA,151312.8206,annual
343,1771-01-01,weber2014,1771,1,NA,NA,183443.3745,annual
344,1772-01-01,weber2014,1772,1,NA,NA,116955.6117,annual
345,1773-01-01,weber2014,1773,1,NA,NA,109567.9327,annual
346,1774-01-01,weber2014,1774,1,NA,NA,123413.1528,annual
347,1775-01-01,weber2014,1775,1,NA,NA,205305.1247,annual
348,1776-01-01,weber2014,1776,1,NA,NA,153042.8056,annual
349,1777-01-01,weber2014,1777,1,NA,NA,111226.5501,annual
350,1778-01-01,weber2014,1778,1,NA,NA,117636.5887,annual
351,1779-01-01,weber2014,1779,1,NA,NA,122524.8404,annual
352,1780-01-01,weber2014,1780,1,NA,NA,96574.44158,annual
353,1781-01-01,weber2014,1781,1,NA,NA,98061.1387,annual
354,1782-01-01,weber2014,1782,1,NA,NA,58236.22173,annual
355,1783-01-01,weber2014,1783,1,NA,NA,116770.7195,annual
356,1784-01-01,weber2014,1784,1,NA,NA,188298.0558,annual
357,1785-01-01,weber2014,1785,1,NA,NA,152228.6438,annual
358,1786-01-01,weber2014,1786,1,NA,NA,125349.775,annual
359,1787-01-01,weber2014,1787,1,NA,NA,161365.1569,annual
360,1788-01-01,weber2014,1788,1,NA,NA,103011.4794,annual
361,1789-01-01,weber2014,1789,1,NA,NA,154285.4452,annual
362,1790-01-01,weber2014,1790,1,NA,NA,219570.9719,annual
363,1791-01-01,weber2014,1791,1,NA,NA,220247.1607,annual
364,1792-01-01,weber2014,1792,1,NA,NA,249363.1632,annual
365,1793-01-01,weber2014,1793,1,NA,NA,125758.8186,annual
366,1794-01-01,weber2014,1794,1,NA,NA,88535.12918,annual
367,1795-01-01,weber2014,1795,1,NA,NA,73649.56286,annual
368,1796-01-01,weber2014,1796,1,NA,NA,114392.2667,annual
369,1797-01-01,weber2014,1797,1,NA,NA,180141.3431,annual
370,1798-01-01,weber2014,1798,1,NA,NA,106250.6979,annual
371,1799-01-01,weber2014,1799,1,NA,NA,173131.1325,annual
372,1800-01-01,weber2014,1800,1,NA,NA,97846.8433,annual
373,1801-01-01,weber2014,1801,1,NA,NA,166626.9777,annual
374,1802-01-01,weber2014,1802,1,NA,NA,174044.7838,annual
375,1803-01-01,weber2014,1803,1,NA,NA,143291.9466,annual
376,1804-01-01,weber2014,1804,1,NA,NA,120074.3119,annual
377,1805-01-01,weber2014,1805,1,NA,NA,152556.6026,annual
378,1806-01-01,weber2014,1806,1,NA,NA,151629.9198,annual
379,1807-01-01,weber2014,1807,1,NA,NA,153379.0336,annual
380,1808-01-01,weber2014,1808,1,NA,NA,130380.6867,annual
381,1809-01-01,weber2014,1809,1,NA,NA,182144.5706,annual
382,1810-01-01,weber2014,1810,1,NA,NA,229127.3882,annual
383,1811-01-01,weber2014,1811,1,NA,NA,221477.9113,annual
384,1812-01-01,weber2014,1812,1,NA,NA,143903.7655,annual
385,1813-01-01,weber2014,1813,1,NA,NA,82903.35931,annual
386,1814-01-01,weber2014,1814,1,NA,NA,121676.3465,annual
387,1815-01-01,weber2014,1815,1,NA,NA,150747.3993,annual
388,1816-01-01,weber2014,1816,1,NA,NA,191114.7589,annual
389,1817-01-01,weber2014,1817,1,NA,NA,167891.0309,annual
390,1818-01-01,weber2014,1818,1,NA,NA,118563.9955,annual
391,1819-01-01,weber2014,1819,1,NA,NA,191307.8707,annual
392,1820-01-01,weber2014,1820,1,NA,NA,187180.086,annual
393,1821-01-01,weber2014,1821,1,NA,NA,194566.4639,annual
394,1822-01-01,weber2014,1822,1,NA,NA,105116.2354,annual
395,1823-01-01,weber2014,1823,1,NA,NA,114316.458,annual
396,1824-01-01,weber2014,1824,1,NA,NA,81457.89283,annual
397,1825-01-01,weber2014,1825,1,NA,NA,142820.6415,annual
398,1826-01-01,weber2014,1826,1,NA,NA,175391.3698,annual
399,1827-01-01,weber2014,1827,1,NA,NA,160143.094,annual
400,1828-01-01,weber2014,1828,1,NA,NA,187782.6281,annual
401,1829-01-01,weber2014,1829,1,NA,NA,150370.2104,annual
402,1830-01-01,weber2014,1830,1,NA,NA,151662.4985,annual
403,1831-01-01,weber2014,1831,1,NA,NA,139664.1283,annual
404,1832-01-01,weber2014,1832,1,NA,NA,227601.9537,annual
405,1833-01-01,weber2014,1833,1,NA,NA,161445.5177,annual
406,1834-01-01,weber2014,1834,1,NA,NA,124926.252,annual
407,1835-01-01,weber2014,1835,1,NA,NA,165872.6,annual
408,1836-01-01,weber2014,1836,1,NA,NA,164955.7176,annual
409,1837-01-01,weber2014,1837,1,NA,NA,213131.9744,annual
410,1838-01-01,weber2014,1838,1,NA,NA,206990.529,annual
411,1839-01-01,weber2014,1839,1,NA,NA,179772.8419,annual
412,1840-01-01,weber2014,1840,1,NA,NA,194586.2729,annual
413,1841-01-01,weber2014,1841,1,NA,NA,165590.9753,annual
414,1842-01-01,weber2014,1842,1,NA,NA,128677.8694,annual
415,1843-01-01,weber2014,1843,1,NA,NA,212503.5677,annual
416,1844-01-01,weber2014,1844,1,NA,NA,171596.0226,annual
417,1845-01-01,weber2014,1845,1,NA,NA,91110.29379,annual
418,1846-01-01,weber2014,1846,1,NA,NA,112908.3346,annual
419,1847-01-01,weber2014,1847,1,NA,NA,146573.7068,annual
420,1848-01-01,weber2014,1848,1,NA,NA,199765.2317,annual
421,1849-01-01,weber2014,1849,1,NA,NA,264373.9129,annual
422,1850-01-01,weber2014,1850,1,NA,NA,188905.0112,annual
423,1851-01-01,weber2014,1851,1,NA,NA,143266.6076,annual
424,1852-01-01,weber2014,1852,1,NA,NA,183096.5924,annual
425,1853-01-01,weber2014,1853,1,NA,NA,243214.4146,annual
426,1854-01-01,weber2014,1854,1,NA,NA,199176.7108,annual
427,1855-01-01,weber2014,1855,1,NA,NA,147007.3654,annual
428,1856-01-01,weber2014,1856,1,NA,NA,143709.9357,annual
429,1857-01-01,weber2014,1857,1,NA,NA,151855.7988,annual
430,1858-01-01,weber2014,1858,1,NA,NA,184882.6287,annual
431,1859-01-01,weber2014,1859,1,NA,NA,156077.9972,annual
432,1860-01-01,weber2014,1860,1,NA,NA,176009.0995,annual
433,1861-01-01,weber2014,1861,1,NA,NA,127095.9929,annual
434,1862-01-01,weber2014,1862,1,NA,NA,184371.5052,annual
435,1863-01-01,weber2014,1863,1,NA,NA,138210.3946,annual
436,1864-01-01,weber2014,1864,1,NA,NA,131448.5657,annual
437,1865-01-01,weber2014,1865,1,NA,NA,154634.3992,annual
438,1866-01-01,weber2014,1866,1,NA,NA,210320.0713,annual
439,1867-01-01,weber2014,1867,1,NA,NA,208200.2844,annual
440,1868-01-01,weber2014,1868,1,NA,NA,209870.5171,annual
441,1869-01-01,weber2014,1869,1,NA,NA,192196.907,annual
442,1870-01-01,weber2014,1870,1,NA,NA,126886.7653,annual
443,1871-01-01,weber2014,1871,1,NA,NA,74428.55558,annual
444,1872-01-01,weber2014,1872,1,NA,NA,147813.756,annual
445,1873-01-01,weber2014,1873,1,NA,NA,142489.0629,annual
446,1874-01-01,weber2014,1874,1,NA,NA,143471.4914,annual
447,1875-01-01,weber2014,1875,1,NA,NA,141450.8885,annual
448,1876-01-01,weber2014,1876,1,NA,NA,145976.3654,annual
449,1877-01-01,weber2014,1877,1,NA,NA,147226.7286,annual
450,1878-01-01,weber2014,1878,1,NA,NA,115721.6856,annual
451,1879-01-01,weber2014,1879,1,NA,NA,102771.2936,annual
452,1880-01-01,weber2014,1880,1,NA,NA,154906.3306,annual
453,1881-01-01,weber2014,1881,1,NA,NA,124795.9373,annual
454,1882-01-01,weber2014,1882,1,NA,NA,89710.85798,annual
455,1883-01-01,weber2014,1883,1,NA,NA,128196.4287,annual
456,1884-01-01,weber2014,1884,1,NA,NA,173115.4452,annual
457,1885-01-01,weber2014,1885,1,NA,NA,201946.6235,annual
458,1886-01-01,weber2014,1886,1,NA,NA,142283.4551,annual
459,1887-01-01,weber2014,1887,1,NA,NA,127667.206,annual
460,1888-01-01,weber2014,1888,1,NA,NA,109066.6651,annual
461,1889-01-01,weber2014,1889,1,NA,NA,79586.84847,annual
462,1890-01-01,weber2014,1890,1,NA,NA,158248.4621,annual
463,1891-01-01,weber2014,1891,1,NA,NA,183834.3188,annual
464,1892-01-01,weber2014,1892,1,NA,NA,138794.4984,annual
465,1893-01-01,weber2014,1893,1,NA,NA,72353.65489,annual
466,1894-01-01,weber2014,1894,1,NA,NA,111571.1603,annual
467,1895-01-01,weber2014,1895,1,NA,NA,168253.0164,annual
468,1896-01-01,weber2014,1896,1,NA,NA,145112.4796,annual
469,1897-01-01,weber2014,1897,1,NA,NA,175355.8952,annual
470,1898-01-01,weber2014,1898,1,NA,NA,201462.287,annual
471,1899-01-01,weber2014,1899,1,NA,NA,132195.6441,annual
472,1/1/1900,weber2014,1900,1,NA,NA,106753.8577,annual
473,1/1/1901,weber2014,1901,1,NA,NA,99858.03455,annual
474,1/1/1902,weber2014,1902,1,NA,NA,124012.6007,annual
475,1/1/1903,weber2014,1903,1,NA,NA,177226.6361,annual
476,1/1/1904,weber2014,1904,1,NA,NA,175360.0962,annual
477,1/1/1905,weber2014,1905,1,NA,119063.8127,175047.4836,annual
478,1/1/1906,weber2014,1906,1,NA,186777.5381,209724.9672,annual
479,1/1/1907,weber2014,1907,1,NA,300170.6065,231175.502,annual
480,1/1/1908,weber2014,1908,1,NA,158037.0395,185800.7726,annual
481,1/1/1909,weber2014,1909,1,NA,276755.7283,198585.9505,annual
482,1/1/1910,weber2014,1910,1,NA,183272.7443,180814.636,annual
483,1/1/1911,weber2014,1911,1,NA,184502.4965,165706.0867,annual
484,1/1/1912,weber2014,1912,1,NA,202415.2255,166594.9226,annual
485,1/1/1913,weber2014,1913,1,NA,168192.4124,183508.5319,annual
486,1/1/1914,weber2014,1914,1,NA,241247.6258,198445.5001,annual
487,1/1/1915,weber2014,1915,1,NA,140588.4428,160846.7938,annual
488,1/1/1916,weber2014,1916,1,NA,200338.5311,175738.3185,annual
489,1/1/1917,weber2014,1917,1,NA,235620.5178,190743.1734,annual
490,1/1/1918,weber2014,1918,1,NA,149867.1214,135305.8233,annual
491,1/1/1919,weber2014,1919,1,NA,121196.0443,159108.5396,annual
492,1/1/1920,weber2014,1920,1,NA,197442.663,213961.9962,annual
493,1/1/1921,weber2014,1921,1,NA,270148.7855,210758.7977,annual
494,1/1/1922,weber2014,1922,1,NA,232518.3688,200439.3161,annual
495,1/1/1923,weber2014,1923,1,NA,202260.5147,185507.4156,annual
496,1/1/1924,weber2014,1924,1,NA,110556.7045,128951.2825,annual
497,1/1/1925,weber2014,1925,1,NA,139449.9303,125570.5862,annual
498,1/1/1926,weber2014,1926,1,NA,132910.4256,154637.2951,annual
499,1/1/1927,weber2014,1927,1,NA,166240.6766,150556.2709,annual
500,1/1/1928,weber2014,1928,1,NA,168400.6768,161127.034,annual
501,1/1/1929,weber2014,1929,1,NA,180390.7606,160148.1618,annual
502,1/1/1930,weber2014,1930,1,NA,133793.0703,145998.15,annual
503,1/1/1931,weber2014,1931,1,NA,78166.61885,94753.31551,annual
504,1/1/1932,weber2014,1932,1,NA,182753.0749,117076.8461,annual
505,1/1/1933,weber2014,1933,1,NA,137464.4756,125252.7629,annual
506,1/1/1934,weber2014,1934,1,NA,56048.93084,35066.98001,annual
507,1/1/1935,weber2014,1935,1,NA,142901.1703,112945.2571,annual
508,1/1/1936,weber2014,1936,1,NA,179127.2894,118898.9917,annual
509,1/1/1937,weber2014,1937,1,NA,128493.2351,199691.4541,annual
510,1/1/1938,weber2014,1938,1,NA,155089.6012,160019.295,annual
511,1/1/1939,weber2014,1939,1,NA,109257.5308,124011.1528,annual
512,1/1/1940,weber2014,1940,1,NA,89287.9422,154170.2128,annual
513,1/1/1941,weber2014,1941,1,NA,121245.6311,198343.4202,annual
514,1/1/1942,weber2014,1942,1,NA,147671.4187,180857.3503,annual
515,1/1/1943,weber2014,1943,1,NA,152991.0886,150939.9755,annual
516,1/1/1944,weber2014,1944,1,NA,161194.7258,156460.599,annual
517,1/1/1945,weber2014,1945,1,NA,132698.1942,141834.5931,annual
518,1/1/1946,weber2014,1946,1,NA,146243.3194,132432.3826,annual
519,1/1/1947,weber2014,1947,1,NA,156793.403,186148.8538,annual
520,1/1/1948,weber2014,1948,1,NA,142851.5836,146558.5808,annual
521,1/1/1949,weber2014,1949,1,NA,157967.618,181885.389,annual
522,1/1/1950,weber2014,1950,1,NA,199477.7045,174699.9775,annual
523,1/1/1951,weber2014,1951,1,NA,173809.603,176343.3916,annual
524,1/1/1952,weber2014,1952,1,NA,217301.1773,164978.2221,annual
525,1/1/1953,weber2014,1953,1,NA,138620.8394,122963.5668,annual
526,1/1/1954,weber2014,1954,1,NA,101375.2161,124894.3973,annual
527,1/1/1955,weber2014,1955,1,NA,114333.2338,129304.1042,annual
528,1/1/1956,weber2014,1956,1,NA,168329.2719,131830.4177,annual
529,1/1/1957,weber2014,1957,1,NA,171369.9333,174985.2221,annual
530,1/1/1958,weber2014,1958,1,NA,127511.4168,147008.8134,annual
531,1/1/1959,weber2014,1959,1,NA,109172.2416,91158.79984,annual
532,1/1/1960,weber2014,1960,1,NA,112627.4485,112196.2546,annual
533,1/1/1961,weber2014,1961,1,NA,66956.03929,93127.2768,annual
534,1/1/1962,weber2014,1962,1,NA,168299.5198,179424.6118,annual
535,1/1/1963,weber2014,1963,1,NA,121576.8708,155423.5275,annual
536,1/1/1964,weber2014,1964,1,NA,153419.5184,166796.012,annual
537,1/1/1965,weber2014,1965,1,NA,207717.0441,223630.2769,annual
538,1/1/1966,weber2014,1966,1,NA,133842.6571,214555.3013,annual
539,1/1/1967,weber2014,1967,1,NA,189957.0425,191860.2605,annual
540,1/1/1968,weber2014,1968,1,NA,175937.8676,162192.7351,annual
541,1/1/1969,weber2014,1969,1,NA,183350.0997,187919.6867,annual
542,1/1/1970,weber2014,1970,1,NA,146933.5674,155354.0263,annual
543,1/1/1971,weber2014,1971,1,NA,181814.893,146174.0749,annual
544,1/1/1972,weber2014,1972,1,NA,170584.4787,161269.321,annual
545,1/1/1973,weber2014,1973,1,NA,153964.973,160257.4814,annual
546,1/1/1974,weber2014,1974,1,NA,176152.0825,121599.6056,annual
547,1/1/1975,weber2014,1975,1,NA,195770.5967,176928.3601,annual
548,1/1/1976,weber2014,1976,1,NA,136167.2854,130152.737,annual
549,1/1/1977,weber2014,1977,1,NA,58536.2038,53139.46637,annual
550,1/1/1978,weber2014,1978,1,NA,161972.2465,151491.6414,annual
551,1/1/1979,weber2014,1979,1,NA,118387.449,166504.6266,annual
552,1/1/1980,weber2014,1980,1,NA,154323.9813,172618.1664,annual
553,1/1/1981,weber2014,1981,1,NA,123054.5569,162757.353,annual
554,1/1/1982,weber2014,1982,1,NA,204589.11,198533.1006,annual
555,1/1/1983,weber2014,1983,1,NA,241495.5597,221167.3278,annual
556,1/1/1984,weber2014,1984,1,NA,235559.0302,186572.4621,annual
557,1/1/1985,weber2014,1985,1,NA,178352.7439,185649.3139,annual
558,1/1/1986,weber2014,1986,1,NA,271581.2484,193882.3113,annual
559,1/1/1987,weber2014,1987,1,NA,108525.6299,141937.397,annual
560,1/1/1988,weber2014,1988,1,NA,92411.90943,141568.3702,annual
561,1/1/1989,weber2014,1989,1,NA,116060.8373,125667.5983,annual
562,1/1/1990,weber2014,1990,1,NA,113323.6469,138817.0823,annual
563,1/1/1991,weber2014,1991,1,NA,125347.4497,143102.9902,annual
564,1/1/1992,weber2014,1992,1,NA,74394.05651,110970.8436,annual
565,1/1/1993,weber2014,1993,1,NA,201316.3824,143937.0047,annual
566,1/1/1994,weber2014,1994,1,NA,110146.126,135250.8015,annual
567,1/1/1995,weber2014,1995,1,NA,213203.3256,194613.522,annual
568,1/1/1996,weber2014,1996,1,NA,177750.7604,172930.3268,annual
569,1/1/1997,weber2014,1997,1,NA,199743.4897,190638.9216,annual
570,1/1/1998,weber2014,1998,1,NA,193721.6709,201923.4565,annual
571,1/1/1999,weber2014,1999,1,NA,184066.1328,170222.9413,annual
572,1/1/2000,weber2014,2000,1,NA,109132.5721,121866.6933,annual
573,1/1/2001,weber2014,2001,1,NA,100292.2407,113371.676,annual
574,1/1/2002,weber2014,2002,1,NA,89798.8844,77985.42477,annual
575,1/1/2003,weber2014,2003,1,NA,116366.6885,141904.0943,annual
576,1/1/2004,weber2014,2004,1,NA,93340.17398,135358.5561,annual
577,1/1/2005,weber2014,2005,1,NA,175646.8924,NA,annual
578,1/1/2006,weber2014,2006,1,NA,157556.2461,NA,annual
579,1/1/2007,weber2014,2007,1,NA,109802.9854,NA,annual
580,1/1/2008,weber2014,2008,1,NA,159636.7091,NA,annual
581,1/1/2009,weber2014,2009,1,NA,170718.958,NA,annual
582,1/1/2010,weber2014,2010,1,NA,136674.0623,NA,annual
583,1/1/2011,weber2014,2011,1,NA,265334.1074,NA,annual
584,1/1/2012,weber2014,2012,1,NA,95022.5543,NA,annual
585,1/1/2013,weber2014,2013,1,NA,89680.07447,NA,annual
586,1/1/2014,weber2014,2014,1,NA,128084.8384,NA,annual
587,1/1/2015,weber2014,2015,1,NA,114303.4817,NA,annual
588,1/1/2016,weber2014,2016,1,NA,130328.5411,NA,annual
589,1/1/2017,weber2014,2017,1,NA,204811.6554,NA,annual
590,1/1/2018,weber2014,2018,1,NA,92345.46314,NA,annual
591,1/1/2019,weber2014,2019,1,NA,81384.65355,NA,annual
