"","MI_SA_2015","MI_SA_PCDec_2015","MI_SA_PCDD_2015","MI_SA_HighET_2015","MI_SA_PCDec_HighET_2015","MI_SA_PCDD_HighET_2015","MI_SA_LowET_2015","MI_SA_PCDec_LowET_2015","MI_SA_PCDD_LowET_2015","MI_SA_2070_65% Conversion Factor","MI_SA_PCDec_2070_65% Conversion Factor","MI_SA_PCDD_2070_65% Conversion Factor","MI_SA_HighET_2070_65% Conversion Factor","MI_SA_PCDec_HighET_2070_65% Conversion Factor","MI_SA_PCDD_HighET_2070_65% Conversion Factor","MI_SA_LowET_2070_65% Conversion Factor","MI_SA_PCDec_LowET_2070_65% Conversion Factor","MI_SA_PCDD_LowET_2070_65% Conversion Factor","MI_SA_2070_72% Conversion Factor","MI_SA_PCDec_2070_72% Conversion Factor","MI_SA_PCDD_2070_72% Conversion Factor","MI_SA_HighET_2070_72% Conversion Factor","MI_SA_PCDec_HighET_2070_72% Conversion Factor","MI_SA_PCDD_HighET_2070_72% Conversion Factor","MI_SA_LowET_2070_72% Conversion Factor","MI_SA_PCDec_LowET_2070_72% Conversion Factor","MI_SA_PCDD_LowET_2070_72% Conversion Factor","MI_SA_2070_78% Conversion Factor","MI_SA_PCDec_2070_78% Conversion Factor","MI_SA_PCDD_2070_78% Conversion Factor","MI_SA_HighET_2070_78% Conversion Factor","MI_SA_PCDec_HighET_2070_78% Conversion Factor","MI_SA_PCDD_HighET_2070_78% Conversion Factor","MI_SA_LowET_2070_78% Conversion Factor","MI_SA_PCDec_LowET_2070_78% Conversion Factor","MI_SA_PCDD_LowET_2070_78% Conversion Factor","MI_SA_2150_65% Conversion Factor","MI_SA_PCDec_2150_65% Conversion Factor","MI_SA_PCDD_2150_65% Conversion Factor","MI_SA_HighET_2150_65% Conversion Factor","MI_SA_PCDec_HighET_2150_65% Conversion Factor","MI_SA_PCDD_HighET_2150_65% Conversion Factor","MI_SA_LowET_2150_65% Conversion Factor","MI_SA_PCDec_LowET_2150_65% Conversion Factor","MI_SA_PCDD_LowET_2150_65% Conversion Factor","MI_SA_2150_72% Conversion Factor","MI_SA_PCDec_2150_72% Conversion Factor","MI_SA_PCDD_2150_72% Conversion Factor","MI_SA_HighET_2150_72% Conversion Factor","MI_SA_PCDec_HighET_2150_72% Conversion Factor","MI_SA_PCDD_HighET_2150_72% Conversion Factor","MI_SA_LowET_2150_72% Conversion Factor","MI_SA_PCDec_LowET_2150_72% Conversion Factor","MI_SA_PCDD_LowET_2150_72% Conversion Factor","MI_SA_2150_78% Conversion Factor","MI_SA_PCDec_2150_78% Conversion Factor","MI_SA_PCDD_2150_78% Conversion Factor","MI_SA_HighET_2150_78% Conversion Factor","MI_SA_PCDec_HighET_2150_78% Conversion Factor","MI_SA_PCDD_HighET_2150_78% Conversion Factor","MI_SA_LowET_2150_78% Conversion Factor","MI_SA_PCDec_LowET_2150_78% Conversion Factor","MI_SA_PCDD_LowET_2150_78% Conversion Factor"
"1",35500,35500,35500,35500,35500,35500,35500,35500,35500,35500,35500,35500,35500,35500,35500,35500,35500,35500,35500,35500,35500,35500,35500,35500,35500,35500,35500,35500,35500,35500,35500,35500,35500,35500,35500,35500,35500,35500,35500,35500,35500,35500,35500,35500,35500,35500,35500,35500,35500,35500,35500,35500,35500,35500,35500,35500,35500,35500,35500,35500,35500,35500,35500
"2",31300,29710.8156176215,28732.4209622781,31554.495719598,29878.7827925561,28874.938565253,31452.6974317588,29811.5959225823,28817.931524063,30154.7594160477,27611.1038485198,26246.4817629362,30646.0233668578,27935.3380560545,26521.5895753898,30449.5177865337,27805.6443730406,26411.5464504084,30767.1114528816,28223.4558853537,26858.8337997701,31258.3754036917,28547.6900928884,27133.9416122237,31061.8698233676,28417.9964098745,27023.8984872423,31204.5057649059,28660.850197378,27296.2281117943,31695.769715716,28985.0844049127,27571.335924248,31499.2641353919,28855.3907218988,27461.2927992665,24348.3436845141,20073.6134186366,17780.3031901615,25173.9353667652,20618.5039289223,18242.6345322221,24843.6986938648,20400.547724808,18057.7019953979,26511.7731531282,22237.0428872507,19943.7326587756,27337.3648353793,22781.9333975364,20406.0640008362,27007.1281624789,22563.9771934221,20221.131464012,28057.079916424,23782.3496505465,21489.0394220714,28882.6715986751,24327.2401608322,21951.370764132,28552.4349257747,24109.2839567179,21766.4382273078
"3",10800,10251.6552290834,9914.0621850672,10887.8132195418,10309.611953981,9963.23758801061,10852.6879317251,10286.429264022,9943.56742683324,10404.8371148024,9527.15404357874,9056.29402682784,10574.3467208327,9639.03038355876,9151.21940620482,10506.5428784206,9594.27984756675,9113.24925445403,10616.1279134544,9738.44484223069,9267.58482547979,10785.6375194847,9850.32118221071,9362.51020485677,10717.8336770726,9805.5706462187,9324.54005310598,10767.0499124915,9889.36684126781,9418.50682451691,10936.5595185218,10001.2431812478,9513.43220389388,10868.7556761097,9956.49264525581,9475.4620521431,8401.34542468856,6926.35862368289,6135.0566918129,8686.21412016176,7114.3719626952,6294.58316127789,8572.26664197248,7039.16662709028,6230.77257349189,9147.83227008896,7672.84546908329,6881.5435372133,9432.70096556216,7860.8588080956,7041.07000667829,9318.75348737288,7785.65347249068,6977.25941889229,9681.03715966068,8206.05035865501,7414.74842678502,9965.90585513388,8394.06369766732,7574.27489625001,9851.9583769446,8318.8583620624,7510.46430846401
"4",9000,8874.70500804984,8820.10086146758,9029.45451890329,8894.14499052601,8836.59539205342,9017.67271134198,8886.36899753554,8829.99757981908,9001.9133620855,8692.79207147632,8558.07555965569,9074.58201991406,8740.75338564317,8598.77000803969,9045.51455678263,8721.56885997643,8582.49222868609,9128.9291206472,8819.80783003802,8685.09131821739,9201.59777847576,8867.76914420487,8725.78576660138,9172.53031534433,8848.58461853813,8709.50798724779,9219.65466247699,8910.53337186781,8775.81686004718,9292.32332030555,8958.49468603466,8816.51130843117,9263.25585717412,8939.31016036792,8800.23352907757,8553.10403580694,7999.4878877109,7758.21936747375,8683.24888074814,8085.3834853721,7831.10048064082,8631.19094277166,8051.02524630762,7801.94803537399,8860.22277023914,8306.6066221431,8065.33810190594,8990.36761518033,8392.5022198043,8138.21921507301,8938.30967720386,8358.14398073981,8109.06676980618,9079.59329483356,8525.97714673752,8284.70862650037,9209.73813977476,8611.87274439872,8357.58973966744,9157.68020179828,8577.51450533424,8328.43729440061
"5",6300,6212.29350563489,6174.0706030273,6320.61816323231,6225.90149336821,6185.6167744374,6312.37089793938,6220.45829827488,6180.99830587336,6301.33935345985,6084.95445003343,5990.65289175899,6352.20741393985,6118.52736995023,6019.13900562778,6331.86018974785,6105.09820198351,6007.74456008026,6390.25038445304,6173.86548102662,6079.56392275218,6441.11844493303,6207.43840094342,6108.05003662097,6420.77122074104,6194.0092329767,6096.65559107345,6453.75826373389,6237.37336030747,6143.07180203303,6504.62632421388,6270.94628022426,6171.55791590182,6484.27910002189,6257.51711225755,6160.1634703543,5987.17282506486,5599.64152139763,5430.75355723163,6078.2742165237,5659.76843976047,5481.77033644858,6041.83365994017,5635.71767241534,5461.3636247618,6202.1559391674,5814.62463550017,5645.73667133417,6293.25733062624,5874.75155386301,5696.75345055112,6256.81677404271,5850.70078651788,5676.34673886434,6355.71530638349,5968.18400271626,5799.29603855026,6446.81669784233,6028.3109210791,5850.31281776721,6410.3761412588,6004.26015373397,5829.90610608043
"6",21700,21397.8998527424,21266.2431882052,21771.0181178002,21444.7718104905,21306.0133341732,21742.6108706801,21426.0230273912,21290.105275786,21704.6133285839,20959.2875501152,20634.4710716143,21879.8255369039,21074.9276076063,20732.5899082735,21809.7406535759,21028.6715846099,20693.3423736098,22010.8624353383,21265.5366568695,20940.7201783686,22186.0746436582,21381.1767143607,21038.8390150278,22115.9897603302,21334.9206913642,20999.5914803641,22229.6117973056,21484.2860188368,21159.469540336,22404.8240056256,21599.926076328,21257.5883769952,22334.7391222976,21553.6700533315,21218.3408423315,20622.4841752234,19287.6541292585,18705.9289193534,20936.277856915,19494.7579591749,18881.6533811006,20810.7603842383,19411.9164272083,18811.3635964017,21362.9815682432,20028.1515222783,19446.4263123732,21676.7752499348,20235.2553521948,19622.1507741205,21551.2577772582,20152.4138202282,19551.8609894216,21891.9082775431,20557.0782315782,19975.3530216731,22205.7019592347,20764.1820614947,20151.0774834204,22080.1844865581,20681.3405295281,20080.7876987215
"7",6600,6264.90041777322,6058.59355754107,6653.66363416444,6300.31841632174,6088.64519267315,6632.19818049866,6286.15121690233,6076.62453862032,6358.51157015703,5822.14969329812,5534.40190528368,6462.10077384223,5890.51856773035,5592.41185934739,6420.66509236815,5863.17101795745,5569.2078777219,6487.63372488878,5951.27184802987,5663.52406001543,6591.22292857398,6019.6407224621,5721.53401407914,6549.7872470999,5992.2931726892,5698.33003245365,6579.86383541146,6043.50195855255,5755.75417053811,6683.45303909666,6111.87083298478,5813.76412460182,6642.01735762258,6084.52328321188,5790.56014297633,5134.15553730967,4232.77471447287,3749.20131166343,5308.24196232107,4347.67175498039,3846.68970966981,5238.60739231651,4301.71293877738,3807.69435046726,5590.34194283214,4688.96111999534,4205.3877171859,5764.42836784354,4803.85816050286,4302.87611519228,5694.79379783898,4757.89934429985,4263.88075598973,5916.18937534819,5014.80855251139,4531.23514970195,6090.27580035959,5129.70559301891,4628.72354770833,6020.64123035503,5083.7467768159,4589.72818850578
"8",10800,10649.6460096598,10584.1210337611,10835.345422684,10672.9739886312,10603.9144704641,10821.2072536104,10663.6427970426,10595.9970957829,10802.2960345026,10431.3504857716,10269.6906715868,10889.4984238969,10488.9040627718,10318.5240096476,10854.6174681392,10465.8826319717,10298.9906744233,10954.7149447766,10583.7693960456,10422.1095818609,11041.9173341709,10641.3229730459,10470.9429199217,11007.0363784132,10618.3015422458,10451.4095846973,11063.5855949724,10692.6400462414,10530.9802320566,11150.7879843667,10750.1936232416,10579.8135701174,11115.9070286089,10727.1721924415,10560.2802348931,10263.7248429683,9599.38546525307,9309.86324096849,10419.8986568978,9702.4601824465,9397.32057676897,10357.429131326,9661.23029556913,9362.33764244878,10632.267324287,9967.92794657171,9678.40572228713,10788.4411382164,10071.0026637651,9765.86305808761,10725.9716126446,10029.7727768878,9730.88012376742,10895.5119538003,10231.172576085,9941.65035180044,11051.6857677297,10334.2472932785,10029.1076876009,10989.2162421579,10293.0174064011,9994.12475328073
"9",1500,1479.11750134164,1470.0168102446,1504.90908648388,1482.357498421,1472.76589867557,1502.94545189033,1481.06149958926,1471.66626330318,1500.31889368092,1448.79867857939,1426.34592660928,1512.43033665234,1456.79223094053,1433.12833467328,1507.58575946377,1453.59480999607,1430.41537144768,1521.48818677453,1469.967971673,1447.5152197029,1533.59962974596,1477.96152403415,1454.2976277669,1528.75505255739,1474.76410308969,1451.5846645413,1536.60911041283,1485.0888953113,1462.6361433412,1548.72055338426,1493.08244767244,1469.4185514052,1543.87597619569,1489.88502672799,1466.7055881796,1425.51733930116,1333.24798128515,1293.03656124562,1447.20814679136,1347.56391422868,1305.18341344014,1438.53182379528,1341.83754105127,1300.32467256233,1476.70379503986,1384.43443702385,1344.22301698432,1498.39460253006,1398.75036996738,1356.36986917884,1489.71827953398,1393.02399678997,1351.51112830103,1513.26554913893,1420.99619112292,1380.78477108339,1534.95635662913,1435.31212406645,1392.93162327791,1526.28003363305,1429.58575088904,1388.0728824001
"10",88600,76507.5771077602,71276.983627979,91459.0955885245,78394.5801961863,72878.0771575527,90315.4573531147,77639.7789608158,72237.6397457232,78664.1865383622,62131.9987401349,54980.9790913416,82573.0066006264,64711.8199812293,57169.9183262095,81009.4785757207,63679.8914847915,56294.3426322623,81708.9647806849,65176.7769824576,58025.7573336643,85617.7848429491,67756.598223552,60214.6965685322,84054.2568180434,66724.6697271142,59339.120874585,83883.806382344,67351.6185841167,60200.5989353234,87792.6264446082,69931.4398252111,62389.5381701913,86229.0984197025,68899.5113287733,61513.9624762441,98589.1392276515,75796.6670401063,65937.7531173411,103978.121837976,79353.3955629208,68955.5833791231,101822.528793846,77930.704153795,67748.4512744103,98589.1392276515,75796.6670401063,65937.7531173411,103978.121837976,79353.3955629208,68955.5833791231,101822.528793846,77930.704153795,67748.4512744103,98589.1392276515,75796.6670401063,65937.7531173411,103978.121837976,79353.3955629208,68955.5833791231,101822.528793846,77930.704153795,67748.4512744103
"11",61900,53451.6819748347,49797.3508642427,63897.4945477389,54770.0283763423,50915.9478109764,63098.4967286433,54242.6898157393,50468.5090322829,54958.3876605487,43408.2474267985,38412.2190265693,57689.2675911825,45210.6281810167,39941.5117877242,56596.915618929,44489.6758793294,39329.7946832622,57085.6085770248,45535.4683432746,40539.4399430454,59816.4885076586,47337.8490974928,42068.7327042003,58724.1365354051,46616.8967958055,41457.0155997383,58605.0520887934,47054.9118550432,42058.883454814,61335.9320194272,48857.2926092614,43588.1762159689,60243.5800471737,48136.3403075741,42976.4591115069,68878.868151147,52955.0077853564,46067.1209702417,72643.8571305953,55439.9005117923,48175.5147987328,71137.861538816,54445.9434212179,47332.1572673363,68878.868151147,52955.0077853564,46067.1209702417,72643.8571305953,55439.9005117923,48175.5147987328,71137.861538816,54445.9434212179,47332.1572673363,68878.868151147,52955.0077853564,46067.1209702417,72643.8571305953,55439.9005117923,48175.5147987328,71137.861538816,54445.9434212179,47332.1572673363
"12",26800,25145.7975677984,24443.1033114748,27196.4617399491,25407.4623161648,24665.1218858463,27037.8770439695,25302.7964168183,24576.3144560977,22389.8819792996,18647.016548274,17057.0720593921,23286.9323718595,19239.0698073635,17559.4202792256,22928.1122148355,19002.2485037277,17358.4809912922,23796.5906813472,20053.7252503216,18463.7807614397,24693.6410739071,20645.7785094111,18966.1289812732,24334.8209168831,20408.9572057753,18765.1896933398,24801.3826113811,21058.5171803555,19468.5726914736,25698.433003941,21650.570439445,19970.9209113071,25339.612846917,21413.7491358092,19769.9816233737,21072.9581202869,16112.2033876902,14004.9075756615,22261.8993371903,16896.9045908464,14670.7146571274,21786.3228504289,16583.0241095839,14404.391824541,21364.1308663442,16403.3761337475,14296.0803217188,22553.0720832476,17188.0773369037,14961.8874031847,22077.4955964862,16874.1968556412,14695.5645705983,23014.8378228352,18054.0830902385,15946.7872782098,24203.7790397386,18838.7842933947,16612.5943596757,23728.2025529772,18524.9038121322,16346.2715270893
"13",30700,28805.0740795303,28000.1220769506,31154.1557991208,29104.81690695,28254.4493244582,30972.4934794725,28984.9197759821,28152.7184254552,25648.1110733021,21360.5749265675,19539.2579187811,26675.7023811971,22038.7851897782,20114.7090512023,26264.6658580391,21767.501084494,19884.5285982338,27259.527384976,22971.9912382414,21150.674230455,28287.118692871,23650.2015014521,21726.1253628762,27876.082169713,23378.9173961679,21495.9449099077,28410.5390361717,24123.0028894371,22301.6858816507,29438.1303440667,24801.2131526478,22877.1370140719,29027.0938209087,24529.9290473636,22646.9565611034,24139.5453094332,18456.8897015705,16042.9351706272,25501.5040914829,19355.7824977233,16805.632088575,24956.720578663,18996.2253792622,16500.5533213959,24473.0902088345,18790.4346009718,16376.4800700285,25835.0489908842,19689.3273971246,17139.1769879763,25290.2654780643,19329.7702786635,16834.0982207972,26364.0119836208,20681.3563757581,18267.4018448148,27725.9707656705,21580.2491719109,19030.0987627626,27181.1872528506,21220.6920534498,18725.0199955835
"14",23300,21861.8314675262,21250.9069834837,23644.6850201797,22089.3235808448,21443.9305947843,23506.8110121078,21998.3267355174,21366.721150264,19465.8302282717,16211.7718498054,14829.4693650685,20245.7285173256,16726.504720581,15266.2124069387,19933.7692017041,16520.6115722708,15091.5151901906,20688.8269729623,17434.768594496,16052.4661097591,21468.7252620162,17949.5014652716,16489.2091516293,21156.7659463947,17743.6083169614,16314.5119348812,21562.3960763127,18308.3376978464,16926.0352131095,22342.2943653666,18823.070568622,17362.7782549797,22030.3350497451,18617.1774203118,17188.0810382316,18320.8926941301,14007.9977213874,12175.9084519744,19354.5617371841,14690.219289803,12754.7631160846,18941.0941199625,14417.3306624368,12523.2212504405,18574.0391487246,14261.1441759819,12429.0549065689,19607.7081917786,14943.3657443975,13007.9095706791,19194.240574557,14670.4771170313,12776.367705035,20009.1687041813,15696.2737314386,13864.1844620256,21042.8377472353,16378.4952998542,14443.0391261358,20629.3701300137,16105.606672488,14211.4972604917
"15",73400,68869.4605028509,66944.9172784421,74485.8317803084,69586.1094778545,67552.9830754148,74051.4990681851,69299.449887853,67309.7567566257,61321.5424358429,51070.5602478847,46716.0107895289,63778.3894065106,52692.0792485253,48091.8450931028,62795.6506182435,52043.4716482691,47541.5113716732,65174.2446272717,54923.2624393135,50568.7129809577,67631.0915979394,56544.7814399541,51944.5472845316,66648.3528096723,55896.1738396979,51394.213563102,67926.1747640065,57675.1925760483,53320.6431176925,70383.0217346742,59296.7115766889,54696.4774212664,69400.2829464071,58648.1039764327,54146.1436998368,57714.7435085471,44128.198830465,38356.7244796103,60971.0228115585,46277.3431704525,40180.2408892967,59668.5110903539,45417.6854344575,39450.8343254221,58512.2091637933,44925.6644857112,39154.1901348565,61768.4884668047,47074.8088256987,40977.7065445429,60465.9767456001,46215.1510897037,40248.2999806683,63033.1752311977,49446.6305531156,43675.1562022609,66289.4545342091,51595.7748931031,45498.6726119473,64986.9428130045,50736.1171571081,44769.2660480727
"16",19000,17827.2445443347,17329.0657805231,19281.0736216057,18012.7531345945,17486.4670086224,19168.6441729634,17938.5496984906,17423.5065173827,15873.4237912945,13219.8997916867,12092.7003406137,16509.3923531839,13639.6390425338,12448.8427352718,16255.0049284281,13471.7433421949,12306.3857774085,16870.7172740894,14217.1932744816,13089.9938234086,17506.6858359788,14636.9325253287,13446.1362180667,17252.298411223,14469.0368249899,13303.6792602035,17583.0697618,14929.5457621923,13802.3463111193,18219.0383236894,15349.2850130393,14158.4887057774,17964.6508989336,15181.3893127005,14016.0317479141,14939.7837419945,11422.8307599296,9928.85238573018,15782.6898286051,11979.1487770926,10400.8797942321,15445.5273939608,11756.6215702274,10212.0688308313,15146.2121813634,11629.2591992985,10135.2808250991,15989.118267974,12185.5772164615,10607.308233601,15651.9558333297,11963.0500095963,10418.4972702002,16316.4895012637,12799.5365191988,11305.5581449994,17159.3955878743,13355.8545363618,11777.5855535013,16822.23315323,13133.3273294966,11588.7745901005
"17",60500,56765.6997332763,55179.3936695606,61394.9975845867,57356.3981391035,55680.5923169291,61036.998550752,57120.1187767726,55480.1128579817,50544.3231249114,42094.944073529,38505.7037161649,52569.3809140857,43431.482214384,39639.7360781025,51759.357798416,42896.866958042,39186.1231333274,53719.9155306531,45270.5364792707,41681.2961219066,55744.9733198274,46607.0746201257,42815.3284838442,54934.9502041577,46072.4593637837,42361.7155390691,55988.1958204686,47538.8167690862,43949.5764117221,58013.2536096429,48875.3549099412,45083.6087736597,57203.2304939732,48340.7396535992,44629.9958288846,47571.4166521403,36372.6979460917,31615.5562808777,50255.4070858214,38144.1316323212,33118.5909237391,49181.8109123489,37435.5581578294,32517.3770665945,48228.7282617098,37030.0095556612,32272.8678904472,50912.7186953909,38801.4432418907,33775.9025333086,49839.1225219184,38092.8697673989,33174.688676164,51955.137622445,40756.4189163964,35999.2772511824,54639.1280561261,42527.8526026259,37502.3118940438,53565.5318826536,41819.2791281341,36901.0980368992
"18",12800,12792.3689851049,12788.0812882577,12801.3930491866,12793.2883975681,12788.8613958022,12800.835829512,12792.9206325828,12788.5493527844,13531.2804485989,13514.014706215,13504.3134711629,13534.4323266538,13516.0949457312,13506.0785228736,13533.1715754319,13515.2628499247,13505.3725021893,13539.8634514794,13522.5977090955,13512.8964740434,13543.0153295343,13524.6779486117,13514.6615257541,13541.7545783124,13523.8458528052,13513.9555050698,13545.9941678226,13528.7284254387,13519.0271903866,13549.1460458775,13530.808664955,13520.7922420973,13547.8852946556,13529.9765691485,13520.086221413,14016.3797427277,13993.4958369824,13980.6378814072,14020.5572219653,13996.2529732792,13982.9772697802,14018.8862302702,13995.1501187605,13982.041514431,14030.480382088,14007.5964763427,13994.7385207675,14034.6578613255,14010.3536126395,13997.0779091405,14032.9868696305,14009.2507581208,13996.1421537913,14040.5522673454,14017.6683616,14004.8104060248,14044.7297465829,14020.4254978968,14007.1497943978,14043.0587548879,14019.3226433781,14006.2140390486
"19",18200,17076.6237214153,16599.4209055538,18469.2389428013,17254.3214236642,16750.1947135225,18361.5433656808,17183.2423427646,16689.885190335,15205.0691053453,12663.2724320368,11583.5340104827,15814.2600435763,13065.3384512693,11924.680935892,15570.5836682839,12904.5120435763,11788.2221657283,16160.3712836014,13618.574610293,12538.8361887389,16769.5622218324,14020.6406295254,12879.9831141482,16525.88584654,13859.8142218325,12743.5243439845,16842.7299823558,14300.9333090474,13221.1948874933,17451.9209205868,14702.9993282799,13562.3418129026,17208.2445452944,14542.1729205869,13425.8830427389,14310.7402160158,10941.8694647747,9510.79544317312,15118.1555200322,11474.7635654256,9962.94801342233,14795.1893984256,11261.6059251652,9782.08698532265,14508.4769316218,11139.6061803807,9708.53215877908,15315.8922356382,11672.5002810316,10160.6847290283,14992.9261140316,11459.3426407712,9979.82370092861,15629.479417,12260.6086657589,10829.5346441573,16436.8947210164,12793.5027664098,11281.6872144065,16113.9285994098,12580.3451261494,11100.8261863068
"20",0,0,0,0,0,0,0,0,0,0,0,0,0,0,0,0,0,0,0,0,0,0,0,0,0,0,0,0,0,0,0,0,0,0,0,0,0,0,0,0,0,0,0,0,0,0,0,0,0,0,0,0,0,0,0,0,0,0,0,0,0,0,0
