"Scenario","Population","Secondary.Water.Usage..Nonagricultural.","Per.Capita.Indoor.Usage","Net.Evap.","Secondary Water Usage (Nonagricultural)","Per Capita Indoor Usage","Net Evap.","Total_DemandNonAg","Total_Demand"
1,623960,"Same","Same","Same",229,117,0,241828.081497987,452228.081497987
2,623960,"Same","Same","Increase",229,117,11.45,249830.773790334,460230.773790334
3,623960,"Same","Same","Decrease",229,117,-11.45,233825.389205641,444225.389205641
4,623960,"Same","Decrease","Same",229,105.3,0,233650.657932882,444050.657932882
5,623960,"Same","Decrease","Increase",229,105.3,11.45,241653.350225229,452053.350225229
6,623960,"Same","Decrease","Decrease",229,105.3,-11.45,225647.965640535,436047.965640535
7,623960,"Decrease","Same","Same",151.14,117,0,187409.77391003,397809.77391003
8,623960,"Decrease","Same","Increase",151.14,117,7.557,192691.550822979,403091.550822978
9,623960,"Decrease","Same","Decrease",151.14,117,-7.557,182127.996997081,392527.996997081
10,623960,"Decrease","Decrease","Same",151.14,105.3,0,179232.350344924,389632.350344924
11,623960,"Decrease","Decrease","Increase",151.14,105.3,7.557,184514.127257873,394914.127257873
12,623960,"Decrease","Decrease","Decrease",151.14,105.3,-7.557,173950.573431976,384350.573431976
13,623960,"Drastic Decrease","Same","Same",137.4,117,0,177806.543159214,388206.543159214
14,623960,"Drastic Decrease","Same","Increase",137.4,117,6.87,182608.158534622,393008.158534622
15,623960,"Drastic Decrease","Same","Decrease",137.4,117,-6.87,173004.927783806,383404.927783806
16,623960,"Drastic Decrease","Decrease","Same",137.4,105.3,0,169629.119594108,380029.119594108
17,623960,"Drastic Decrease","Decrease","Increase",137.4,105.3,6.87,174430.734969516,384830.734969516
18,623960,"Drastic Decrease","Decrease","Decrease",137.4,105.3,-6.87,164827.5042187,375227.5042187
19,978500,"Same","Same","Same",229,117,0,379237.094919194,589637.094919194
20,978500,"Same","Same","Increase",229,117,11.45,391786.993002503,602186.993002503
21,978500,"Same","Same","Decrease",229,117,-11.45,366687.196835886,577087.196835886
22,978500,"Same","Decrease","Same",229,105.3,0,366413.181593892,576813.181593892
23,978500,"Same","Decrease","Increase",229,105.3,11.45,378963.079677201,589363.079677201
24,978500,"Same","Decrease","Decrease",229,105.3,-11.45,353863.283510584,564263.283510583
25,978500,"Decrease","Same","Same",151.14,117,0,293897.787952696,504297.787952696
26,978500,"Decrease","Same","Increase",151.14,117,7.557,302180.72068768,512580.72068768
27,978500,"Decrease","Same","Decrease",151.14,117,-7.557,285614.855217712,496014.855217712
28,978500,"Decrease","Decrease","Same",151.14,105.3,0,281073.874627394,491473.874627394
29,978500,"Decrease","Decrease","Increase",151.14,105.3,7.557,289356.807362377,499756.807362377
30,978500,"Decrease","Decrease","Decrease",151.14,105.3,-7.557,272790.94189241,483190.94189241
31,978500,"Drastic Decrease","Same","Same",137.4,117,0,278837.910252725,489237.910252725
32,978500,"Drastic Decrease","Same","Increase",137.4,117,6.87,286367.849102711,496767.849102711
33,978500,"Drastic Decrease","Same","Decrease",137.4,117,-6.87,271307.97140274,481707.97140274
34,978500,"Drastic Decrease","Decrease","Same",137.4,105.3,0,266013.996927423,476413.996927423
35,978500,"Drastic Decrease","Decrease","Increase",137.4,105.3,6.87,273543.935777408,483943.935777408
36,978500,"Drastic Decrease","Decrease","Decrease",137.4,105.3,-6.87,258484.058077438,468884.058077438
37,1263000,"Same","Same","Same",229,117,0,489500.716283027,699900.716283028
38,1263000,"Same","Same","Increase",229,117,11.45,505699.511662914,716099.511662914
39,1263000,"Same","Same","Decrease",229,117,-11.45,473301.920903141,683701.920903141
40,1263000,"Same","Decrease","Same",229,105.3,0,472948.235414497,683348.235414497
41,1263000,"Same","Decrease","Increase",229,105.3,11.45,489147.030794384,699547.030794384
42,1263000,"Same","Decrease","Decrease",229,105.3,-11.45,456749.440034611,667149.440034611
43,1263000,"Decrease","Same","Same",151.14,117,0,379348.907699801,589748.907699801
44,1263000,"Decrease","Same","Increase",151.14,117,7.557,390040.112650526,600440.112650526
45,1263000,"Decrease","Same","Decrease",151.14,117,-7.557,368657.702749076,579057.702749076
46,1263000,"Decrease","Decrease","Same",151.14,105.3,0,362796.42683127,573196.42683127
47,1263000,"Decrease","Decrease","Increase",151.14,105.3,7.557,373487.631781995,583887.631781995
48,1263000,"Decrease","Decrease","Decrease",151.14,105.3,-7.557,352105.221880545,562505.221880545
49,1263000,"Drastic Decrease","Same","Same",137.4,117,0,359910.353243937,570310.353243937
50,1263000,"Drastic Decrease","Same","Increase",137.4,117,6.87,369629.630471869,580029.630471869
51,1263000,"Drastic Decrease","Same","Decrease",137.4,117,-6.87,350191.076016005,560591.076016005
52,1263000,"Drastic Decrease","Decrease","Same",137.4,105.3,0,343357.872375407,553757.872375407
53,1263000,"Drastic Decrease","Decrease","Increase",137.4,105.3,6.87,353077.149603339,563477.149603339
54,1263000,"Drastic Decrease","Decrease","Decrease",137.4,105.3,-6.87,333638.595147475,544038.595147475
